external_id,timestamp,latitude,longitude,prev_latitude,prev_longitude,length,width,height,speed,direction,wind_speed,wind_direction,current_speed,current_direction,sea_ice_concentration,next_latitude,next_longitude
A-23a,2026-08-01T00:00:00+00:00,-69.4485,-49.3519,-69.4173,-49.4367,5214.7,2767.8,264.5,0.48,136.4,13.6,147.4,0.43,121.4,76.7,-69.4833,-49.2577
A-23a,2026-08-01T06:00:00+00:00,-69.4833,-49.2577,-69.431,-48.959,5214.7,2767.8,264.5,1.3,243.4,26.6,206.1,1.3,228.4,76.3,-69.5414,-49.5895
A-23a,2026-08-01T12:00:00+00:00,-69.5414,-49.5895,-69.4984,-49.8639,5214.7,2767.8,264.5,1.17,114.2,30.2,103.8,0.86,99.2,30.9,-69.5892,-49.2846
A-23a,2026-08-01T18:00:00+00:00,-69.5892,-49.2846,-69.6652,-49.1862,5214.7,2767.8,264.5,0.93,335.7,8.5,346.1,1.04,320.7,70.2,-69.5048,-49.3939
A-23a,2026-08-02T00:00:00+00:00,-69.5048,-49.3939,-69.5645,-49.2153,5214.7,2767.8,264.5,0.96,313.7,16.1,281.9,0.95,298.7,56.0,-69.4384,-49.5923
A-23a,2026-08-02T06:00:00+00:00,-69.4384,-49.5923,-69.4808,-49.8065,5214.7,2767.8,264.5,0.96,60.6,19.1,64.4,0.95,45.6,71.1,-69.3914,-49.3543
A-23a,2026-08-02T12:00:00+00:00,-69.3914,-49.3543,-69.3852,-49.5316,5214.7,2767.8,264.5,0.7,95.6,17.8,61.8,0.58,80.6,52.6,-69.3982,-49.1574
A-23a,2026-08-02T18:00:00+00:00,-69.3982,-49.1574,-69.3415,-49.2329,5214.7,2767.8,264.5,0.7,154.9,34.8,141.8,0.43,139.9,75.0,-69.4613,-49.0735
A-23a,2026-08-03T00:00:00+00:00,-69.4613,-49.0735,-69.4388,-48.8852,5214.7,2767.8,264.5,0.77,251.2,15.3,219.2,0.71,236.2,50.1,-69.4863,-49.2828
A-23a,2026-08-03T06:00:00+00:00,-69.4863,-49.2828,-69.4494,-48.9871,5214.7,2767.8,264.5,1.22,250.4,21.6,255.7,1.2,235.4,59.4,-69.5272,-49.6112
A-23a,2026-08-03T12:00:00+00:00,-69.5272,-49.6112,-69.5659,-49.6036,5214.7,2767.8,264.5,0.43,356.1,9.3,353.8,0.39,341.1,54.4,-69.4843,-49.6197
A-23a,2026-08-03T18:00:00+00:00,-69.4843,-49.6197,-69.5292,-49.3984,5214.7,2767.8,264.5,0.99,300.1,22.7,271.5,0.97,285.1,77.8,-69.4343,-49.8656
A-23a,2026-08-04T00:00:00+00:00,-69.4343,-49.8656,-69.4267,-49.6066,5214.7,2767.8,264.5,1.01,265.2,22.0,233.0,0.93,250.2,57.5,-69.4427,-50.1533
A-23a,2026-08-04T06:00:00+00:00,-69.4427,-50.1533,-69.3562,-50.1227,5214.7,2767.8,264.5,0.97,187.1,33.1,145.9,0.55,172.1,30.8,-69.5389,-50.1873
A-23a,2026-08-04T12:00:00+00:00,-69.5389,-50.1873,-69.5755,-50.2602,5214.7,2767.8,264.5,0.49,34.9,33.7,45.4,0.25,19.9,84.7,-69.4982,-50.1064
A-23a,2026-08-04T18:00:00+00:00,-69.4982,-50.1064,-69.5954,-50.4319,5214.7,2767.8,264.5,1.66,49.5,33.3,41.6,1.47,34.5,39.5,-69.3902,-49.7447
A-23a,2026-08-05T00:00:00+00:00,-69.3902,-49.7447,-69.2924,-49.7772,5214.7,2767.8,264.5,1.09,173.3,8.7,175.4,1.25,158.3,70.4,-69.4989,-49.7086
A-23a,2026-08-05T06:00:00+00:00,-69.4989,-49.7086,-69.3834,-49.6355,5214.7,2767.8,264.5,1.31,192.5,30.5,162.0,1.03,177.5,29.1,-69.6272,-49.7899
A-23a,2026-08-05T12:00:00+00:00,-69.6272,-49.7899,-69.5713,-49.7851,5214.7,2767.8,264.5,0.62,181.7,31.8,142.7,0.4,166.7,78.7,-69.6895,-49.7953
A-23a,2026-08-05T18:00:00+00:00,-69.6895,-49.7953,-69.5948,-49.9463,5214.7,2767.8,264.5,1.2,151.0,15.6,143.7,1.2,136.0,33.3,-69.7946,-49.6274
A-23a,2026-08-06T00:00:00+00:00,-69.7946,-49.6274,-69.8431,-49.5742,5214.7,2767.8,264.5,0.58,339.2,11.9,345.5,0.54,324.2,61.6,-69.7408,-49.6867
A-23a,2026-08-06T06:00:00+00:00,-69.7408,-49.6867,-69.6817,-49.7039,5214.7,2767.8,264.5,0.66,174.2,11.0,134.7,0.69,159.2,77.7,-69.8064,-49.6675
A-23a,2026-08-06T12:00:00+00:00,-69.8064,-49.6675,-69.8448,-49.8798,5214.7,2767.8,264.5,0.92,62.4,34.2,28.1,0.61,47.4,55.9,-69.7638,-49.4315
A-23a,2026-08-06T18:00:00+00:00,-69.7638,-49.4315,-69.8705,-49.3335,5214.7,2767.8,264.5,1.24,342.4,9.2,353.3,1.39,327.4,41.5,-69.6454,-49.5405
A-23a,2026-08-07T00:00:00+00:00,-69.6454,-49.5405,-69.6131,-49.5511,5214.7,2767.8,264.5,0.36,173.5,17.3,182.4,0.22,158.5,68.4,-69.6812,-49.5288
A-23a,2026-08-07T06:00:00+00:00,-69.6812,-49.5288,-69.7508,-49.7251,5214.7,2767.8,264.5,1.08,44.4,24.8,21.6,0.91,29.4,44.1,-69.6039,-49.3106
A-23a,2026-08-07T12:00:00+00:00,-69.6039,-49.3106,-69.5425,-49.5525,5214.7,2767.8,264.5,1.16,126.1,21.5,120.3,1.06,111.1,41.2,-69.6721,-49.0419
A-23a,2026-08-07T18:00:00+00:00,-69.6721,-49.0419,-69.7488,-48.8956,5214.7,2767.8,264.5,1.02,326.5,19.0,288.4,1.02,311.5,69.3,-69.587,-49.2044
A-23a,2026-08-08T00:00:00+00:00,-69.587,-49.2044,-69.4928,-49.0904,5214.7,2767.8,264.5,1.13,202.9,21.0,185.0,1.13,187.9,68.7,-69.6915,-49.3311
A-23a,2026-08-08T06:00:00+00:00,-69.6915,-49.3311,-69.7414,-49.4279,5214.7,2767.8,264.5,0.67,34.0,23.2,359.5,0.41,19.0,41.5,-69.6362,-49.2235
A-23a,2026-08-08T12:00:00+00:00,-69.6362,-49.2235,-69.612,-48.9241,5214.7,2767.8,264.5,1.19,257.0,29.4,263.3,1.09,242.0,69.5,-69.663,-49.5562
A-23a,2026-08-08T18:00:00+00:00,-69.663,-49.5562,-69.6146,-49.4382,5214.7,2767.8,264.5,0.7,220.3,13.9,222.1,0.59,205.3,22.9,-69.7168,-49.6874
A-23a,2026-08-09T00:00:00+00:00,-69.7168,-49.6874,-69.7628,-49.8177,5214.7,2767.8,264.5,0.72,44.5,8.4,47.9,0.79,29.5,72.0,-69.6656,-49.5426
A-23a,2026-08-09T06:00:00+00:00,-69.6656,-49.5426,-69.5516,-49.4353,5214.7,2767.8,264.5,1.33,198.1,34.5,153.7,1.0,183.1,33.7,-69.7923,-49.6619
A-23a,2026-08-09T12:00:00+00:00,-69.7923,-49.6619,-69.7947,-49.8179,5214.7,2767.8,264.5,0.6,87.5,37.7,58.8,0.25,72.5,71.2,-69.7896,-49.4886
A-23a,2026-08-09T18:00:00+00:00,-69.7896,-49.4886,-69.842,-49.4748,5214.7,2767.8,264.5,0.58,354.8,14.6,329.4,0.43,339.8,27.4,-69.7315,-49.5039
A-23a,2026-08-10T00:00:00+00:00,-69.7315,-49.5039,-69.7972,-49.3496,5214.7,2767.8,264.5,0.94,320.9,28.1,292.2,0.68,305.9,44.2,-69.6584,-49.6753
A-23a,2026-08-10T06:00:00+00:00,-69.6584,-49.6753,-69.75,-49.6855,5214.7,2767.8,264.5,1.02,2.2,22.1,344.3,1.01,347.2,78.6,-69.5568,-49.6639
A-23a,2026-08-10T12:00:00+00:00,-69.5568,-49.6639,-69.4981,-49.5144,5214.7,2767.8,264.5,0.87,221.7,30.3,227.3,0.66,206.7,64.3,-69.6219,-49.83
A-23a,2026-08-10T18:00:00+00:00,-69.6219,-49.83,-69.5618,-49.7388,5214.7,2767.8,264.5,0.75,207.8,29.5,187.2,0.59,192.8,78.3,-69.6887,-49.9313
A-23a,2026-08-11T00:00:00+00:00,-69.6887,-49.9313,-69.7672,-49.9822,5214.7,2767.8,264.5,0.89,12.7,14.8,8.0,0.88,357.7,53.1,-69.6015,-49.8748
A-23a,2026-08-11T06:00:00+00:00,-69.6015,-49.8748,-69.6481,-49.6682,5214.7,2767.8,264.5,0.95,302.9,23.0,260.7,0.77,287.9,39.5,-69.5498,-50.1044
A-23a,2026-08-11T12:00:00+00:00,-69.5498,-50.1044,-69.5992,-50.2098,5214.7,2767.8,264.5,0.68,36.8,33.9,38.3,0.41,21.8,70.9,-69.4951,-49.9872
A-23a,2026-08-11T18:00:00+00:00,-69.4951,-49.9872,-69.4044,-50.2946,5214.7,2767.8,264.5,1.56,130.1,34.4,89.5,1.47,115.1,65.3,-69.5958,-49.6457
A-23a,2026-08-12T00:00:00+00:00,-69.5958,-49.6457,-69.5123,-49.6986,5214.7,2767.8,264.5,0.95,167.5,23.2,148.6,0.76,152.5,39.4,-69.6886,-49.5869
A-23a,2026-08-12T06:00:00+00:00,-69.6886,-49.5869,-69.6441,-49.2513,5214.7,2767.8,264.5,1.38,249.1,15.3,224.3,1.53,234.1,70.4,-69.7381,-49.9599
A-23a,2026-08-12T12:00:00+00:00,-69.7381,-49.9599,-69.8232,-50.1099,5214.7,2767.8,264.5,1.11,31.4,35.8,20.5,0.77,16.4,46.9,-69.6436,-49.7932
A-23a,2026-08-12T18:00:00+00:00,-69.6436,-49.7932,-69.5905,-50.0228,5214.7,2767.8,264.5,1.06,123.6,37.4,120.2,0.72,108.6,51.6,-69.7027,-49.5381
A-23a,2026-08-13T00:00:00+00:00,-69.7027,-49.5381,-69.7917,-49.4009,5214.7,2767.8,264.5,1.12,331.9,37.9,334.0,0.75,316.9,48.0,-69.6038,-49.6905
A-23a,2026-08-13T06:00:00+00:00,-69.6038,-49.6905,-69.5985,-50.0117,5214.7,2767.8,264.5,1.24,92.7,15.1,87.6,1.33,77.7,58.9,-69.6097,-49.3336
A-23a,2026-08-13T12:00:00+00:00,-69.6097,-49.3336,-69.6325,-49.2058,5214.7,2767.8,264.5,0.56,297.1,25.8,307.2,0.34,282.1,67.9,-69.5844,-49.4756
A-23a,2026-08-13T18:00:00+00:00,-69.5844,-49.4756,-69.4719,-49.3871,5214.7,2767.8,264.5,1.29,195.3,12.5,154.3,1.46,180.3,71.6,-69.7094,-49.5739
A-23a,2026-08-14T00:00:00+00:00,-69.7094,-49.5739,-69.7335,-49.745,5214.7,2767.8,264.5,0.71,68.0,28.9,54.7,0.27,53.0,22.1,-69.6827,-49.3837
A-23a,2026-08-14T06:00:00+00:00,-69.6827,-49.3837,-69.7787,-49.3033,5214.7,2767.8,264.5,1.11,343.8,16.7,303.7,1.15,328.8,65.5,-69.5761,-49.4731
A-23a,2026-08-14T12:00:00+00:00,-69.5761,-49.4731,-69.6356,-49.5927,5214.7,2767.8,264.5,0.81,35.1,28.0,31.5,0.43,20.1,26.5,-69.5101,-49.3402
A-23a,2026-08-14T18:00:00+00:00,-69.5101,-49.3402,-69.5588,-49.3765,5214.7,2767.8,264.5,0.56,14.7,37.9,29.6,0.26,359.7,80.0,-69.4561,-49.2998
A-23a,2026-08-15T00:00:00+00:00,-69.4561,-49.2998,-69.5857,-49.1457,5214.7,2767.8,264.5,1.56,337.4,31.7,322.9,1.35,322.4,37.4,-69.3121,-49.4709
A-23a,2026-08-15T06:00:00+00:00,-69.3121,-49.4709,-69.3488,-49.3927,5214.7,2767.8,264.5,0.51,323.0,16.7,301.3,0.3,308.0,29.0,-69.2712,-49.5579
A-23a,2026-08-15T12:00:00+00:00,-69.2712,-49.5579,-69.323,-49.5001,5214.7,2767.8,264.5,0.62,338.4,21.9,306.9,0.42,323.4,53.5,-69.2137,-49.6222
A-23a,2026-08-15T18:00:00+00:00,-69.2137,-49.6222,-69.2148,-49.8271,5214.7,2767.8,264.5,0.81,89.2,22.9,80.6,0.6,74.2,42.0,-69.2126,-49.3944
A-23a,2026-08-16T00:00:00+00:00,-69.2126,-49.3944,-69.1473,-49.2785,5214.7,2767.8,264.5,0.86,212.3,12.9,170.2,0.83,197.3,39.9,-69.285,-49.5233
A-23a,2026-08-16T06:00:00+00:00,-69.285,-49.5233,-69.3593,-49.4213,5214.7,2767.8,264.5,0.92,334.1,27.6,293.3,0.79,319.1,71.6,-69.2025,-49.6366
A-23a,2026-08-16T12:00:00+00:00,-69.2025,-49.6366,-69.1816,-49.4499,5214.7,2767.8,264.5,0.77,252.5,33.4,239.9,0.49,237.5,65.7,-69.2257,-49.8441
A-23a,2026-08-16T18:00:00+00:00,-69.2257,-49.8441,-69.3318,-49.9243,5214.7,2767.8,264.5,1.22,15.0,9.1,21.1,1.43,0.0,84.9,-69.1078,-49.7549
A-23a,2026-08-17T00:00:00+00:00,-69.1078,-49.7549,-69.1028,-49.5918,5214.7,2767.8,264.5,0.65,265.2,11.8,260.2,0.6,250.2,40.8,-69.1132,-49.9362
A-23a,2026-08-17T06:00:00+00:00,-69.1132,-49.9362,-69.054,-49.8235,5214.7,2767.8,264.5,0.79,214.2,15.2,173.4,0.77,199.2,63.4,-69.179,-50.0614
A-23a,2026-08-17T12:00:00+00:00,-69.179,-50.0614,-69.2028,-49.8786,5214.7,2767.8,264.5,0.77,290.1,28.1,262.6,0.62,275.1,78.2,-69.1526,-50.2646
A-23a,2026-08-17T18:00:00+00:00,-69.1526,-50.2646,-69.0825,-50.4492,5214.7,2767.8,264.5,1.07,136.8,27.7,131.1,0.75,121.8,23.2,-69.2304,-50.0594
A-23a,2026-08-18T00:00:00+00:00,-69.2304,-50.0594,-69.3052,-49.9008,5214.7,2767.8,264.5,1.04,323.1,33.2,289.3,0.75,308.1,50.1,-69.1473,-50.2357
A-23a,2026-08-18T06:00:00+00:00,-69.1473,-50.2357,-69.2027,-49.8879,5214.7,2767.8,264.5,1.51,294.1,37.0,282.1,1.41,279.1,73.0,-69.0857,-50.6222
A-23a,2026-08-18T12:00:00+00:00,-69.0857,-50.6222,-69.136,-50.3469,5214.7,2767.8,264.5,1.23,297.1,30.4,254.7,1.12,282.1,68.8,-69.0297,-50.9281
A-23a,2026-08-18T18:00:00+00:00,-69.0297,-50.9281,-69.1016,-51.2916,5214.7,2767.8,264.5,1.65,61.1,34.0,66.2,1.42,46.1,36.3,-68.9498,-50.5243
A-23a,2026-08-19T00:00:00+00:00,-68.9498,-50.5243,-68.9843,-50.3747,5214.7,2767.8,264.5,0.71,302.7,10.8,315.2,0.67,287.7,29.1,-68.9115,-50.6905
A-23a,2026-08-19T06:00:00+00:00,-68.9115,-50.6905,-68.836,-50.7071,5214.7,2767.8,264.5,0.84,175.5,23.4,178.3,0.59,160.5,31.7,-68.9953,-50.672
A-23a,2026-08-19T12:00:00+00:00,-68.9953,-50.672,-69.0553,-50.6982,5214.7,2767.8,264.5,0.67,8.9,9.2,3.3,0.71,353.9,60.0,-68.9286,-50.6429
A-23a,2026-08-19T18:00:00+00:00,-68.9286,-50.6429,-68.9474,-50.9661,5214.7,2767.8,264.5,1.31,80.8,18.1,37.7,1.28,65.8,33.1,-68.9077,-50.2838
A-23a,2026-08-20T00:00:00+00:00,-68.9077,-50.2838,-68.9171,-49.9576,5214.7,2767.8,264.5,1.31,274.6,12.4,244.9,1.4,259.6,37.8,-68.8973,-50.6461
A-23a,2026-08-20T06:00:00+00:00,-68.8973,-50.6461,-68.8332,-50.4266,5214.7,2767.8,264.5,1.13,230.9,19.7,190.3,1.03,215.9,32.8,-68.9686,-50.89
A-23a,2026-08-20T12:00:00+00:00,-68.9686,-50.89,-68.9996,-50.7716,5214.7,2767.8,264.5,0.58,306.1,31.1,263.3,0.26,291.1,58.4,-68.9341,-51.0216
A-23a,2026-08-20T18:00:00+00:00,-68.9341,-51.0216,-69.0205,-51.0254,5214.7,2767.8,264.5,0.96,0.9,16.7,358.8,0.84,345.9,21.2,-68.8382,-51.0173
A-23a,2026-08-21T00:00:00+00:00,-68.8382,-51.0173,-68.8868,-51.0722,5214.7,2767.8,264.5,0.58,22.2,25.7,347.4,0.29,7.2,47.1,-68.7842,-50.9562
A-23a,2026-08-21T06:00:00+00:00,-68.7842,-50.9562,-68.8763,-50.9507,5214.7,2767.8,264.5,1.02,358.8,21.9,318.4,1.0,343.8,74.3,-68.682,-50.9624
A-23a,2026-08-21T12:00:00+00:00,-68.682,-50.9624,-68.6039,-51.2057,5214.7,2767.8,264.5,1.31,131.4,14.7,95.3,1.45,116.4,73.1,-68.7687,-50.6921
A-23a,2026-08-21T18:00:00+00:00,-68.7687,-50.6921,-68.6784,-50.6303,5214.7,2767.8,264.5,1.03,193.9,28.1,208.6,0.75,178.9,34.9,-68.869,-50.7606
A-23a,2026-08-22T00:00:00+00:00,-68.869,-50.7606,-68.8805,-50.5948,5214.7,2767.8,264.5,0.68,280.9,14.7,295.7,0.53,265.9,23.1,-68.8563,-50.9449
A-23a,2026-08-22T06:00:00+00:00,-68.8563,-50.9449,-68.9216,-50.8323,5214.7,2767.8,264.5,0.85,328.2,10.3,289.2,0.95,313.2,81.1,-68.7836,-51.0699
A-23a,2026-08-22T12:00:00+00:00,-68.7836,-51.0699,-68.8762,-50.9951,5214.7,2767.8,264.5,1.07,343.7,8.5,312.7,1.23,328.7,71.2,-68.6809,-51.1531
A-23a,2026-08-22T18:00:00+00:00,-68.6809,-51.1531,-68.6611,-50.8832,5214.7,2767.8,264.5,1.11,258.6,31.1,238.8,0.9,243.6,54.7,-68.7028,-51.4529
A-23a,2026-08-23T00:00:00+00:00,-68.7028,-51.4529,-68.8054,-51.226,5214.7,2767.8,264.5,1.46,321.2,24.6,280.7,1.4,306.2,45.3,-68.5888,-51.7051
A-23a,2026-08-23T06:00:00+00:00,-68.5888,-51.7051,-68.6647,-51.9497,5214.7,2767.8,264.5,1.3,49.7,29.8,63.8,1.12,34.7,47.9,-68.5046,-51.4334
A-23a,2026-08-23T12:00:00+00:00,-68.5046,-51.4334,-68.5189,-51.642,5214.7,2767.8,264.5,0.86,79.4,17.9,88.4,0.87,64.4,80.5,-68.4887,-51.2017
A-23a,2026-08-23T18:00:00+00:00,-68.4887,-51.2017,-68.5304,-51.4095,5214.7,2767.8,264.5,0.96,61.3,29.9,60.8,0.61,46.3,30.5,-68.4423,-50.9709
A-23a,2026-08-24T00:00:00+00:00,-68.4423,-50.9709,-68.4735,-50.7744,5214.7,2767.8,264.5,0.87,293.4,20.8,262.5,0.71,278.4,38.8,-68.4075,-51.1892
A-23a,2026-08-24T06:00:00+00:00,-68.4075,-51.1892,-68.3378,-50.8797,5214.7,2767.8,264.5,1.48,238.5,37.9,249.0,1.09,223.5,30.1,-68.485,-51.5331
A-23a,2026-08-24T12:00:00+00:00,-68.485,-51.5331,-68.5864,-51.3489,5214.7,2767.8,264.5,1.35,326.3,11.6,337.4,1.54,311.3,70.1,-68.3724,-51.7378
A-23a,2026-08-24T18:00:00+00:00,-68.3724,-51.7378,-68.3277,-51.8923,5214.7,2767.8,264.5,0.8,128.1,30.8,97.2,0.45,113.1,41.9,-68.422,-51.5661
A-23a,2026-08-25T00:00:00+00:00,-68.422,-51.5661,-68.4912,-51.3864,5214.7,2767.8,264.5,1.06,316.3,23.0,300.7,0.95,301.3,51.3,-68.3452,-51.7657
A-23a,2026-08-25T06:00:00+00:00,-68.3452,-51.7657,-68.3502,-51.5276,5214.7,2767.8,264.5,0.98,273.3,26.4,282.8,0.7,258.3,31.5,-68.3395,-52.0302
A-23a,2026-08-25T12:00:00+00:00,-68.3395,-52.0302,-68.2726,-52.0226,5214.7,2767.8,264.5,0.74,182.4,32.2,196.3,0.55,167.4,79.4,-68.4139,-52.0386
A-23a,2026-08-25T18:00:00+00:00,-68.4139,-52.0386,-68.4192,-51.8499,5214.7,2767.8,264.5,0.77,274.4,32.1,285.6,0.32,259.4,29.5,-68.4079,-52.2484
A-23a,2026-08-26T00:00:00+00:00,-68.4079,-52.2484,-68.4558,-52.0771,5214.7,2767.8,264.5,0.88,307.2,12.8,293.5,0.95,292.2,80.1,-68.3548,-52.4387
A-23a,2026-08-26T06:00:00+00:00,-68.3548,-52.4387,-68.452,-52.6869,5214.7,2767.8,264.5,1.48,43.3,26.9,10.7,1.39,28.3,48.1,-68.2468,-52.163
A-23a,2026-08-26T12:00:00+00:00,-68.2468,-52.163,-68.2536,-51.9216,5214.7,2767.8,264.5,1.0,274.4,32.2,279.3,0.76,259.4,60.4,-68.2392,-52.4312
A-23a,2026-08-26T18:00:00+00:00,-68.2392,-52.4312,-68.2109,-52.1532,5214.7,2767.8,264.5,1.19,254.7,22.5,211.1,1.18,239.7,68.4,-68.2706,-52.74
A-23a,2026-08-27T00:00:00+00:00,-68.2706,-52.74,-68.403,-52.7062,5214.7,2767.8,264.5,1.48,354.6,33.0,336.2,1.29,339.6,49.8,-68.1235,-52.7774
A-23a,2026-08-27T06:00:00+00:00,-68.1235,-52.7774,-68.0584,-53.0802,5214.7,2767.8,264.5,1.45,120.0,17.7,132.8,1.46,105.0,32.2,-68.1958,-52.441
A-23a,2026-08-27T12:00:00+00:00,-68.1958,-52.441,-68.3067,-52.5128,5214.7,2767.8,264.5,1.27,13.5,25.1,6.2,1.13,358.5,42.0,-68.0726,-52.3613
A-23a,2026-08-27T18:00:00+00:00,-68.0726,-52.3613,-68.1599,-52.4261,5214.7,2767.8,264.5,1.01,15.5,30.5,2.7,0.64,0.5,28.7,-67.9755,-52.2893
A-23a,2026-08-28T00:00:00+00:00,-67.9755,-52.2893,-67.883,-52.1584,5214.7,2767.8,264.5,1.16,208.0,10.9,187.4,1.27,193.0,50.8,-68.0782,-52.4347
A-23a,2026-08-28T06:00:00+00:00,-68.0782,-52.4347,-67.9661,-52.3776,5214.7,2767.8,264.5,1.27,190.8,24.6,198.6,1.27,175.8,72.7,-68.2028,-52.4981
A-23a,2026-08-28T12:00:00+00:00,-68.2028,-52.4981,-68.1722,-52.3047,5214.7,2767.8,264.5,0.87,246.9,31.6,229.7,0.54,231.9,47.7,-68.2368,-52.7131
A-23a,2026-08-28T18:00:00+00:00,-68.2368,-52.7131,-68.2892,-52.9933,5214.7,2767.8,264.5,1.29,63.3,9.2,38.4,1.51,48.3,84.9,-68.1786,-52.4017
A-23a,2026-08-29T00:00:00+00:00,-68.1786,-52.4017,-68.2394,-52.0588,5214.7,2767.8,264.5,1.57,295.5,28.9,293.6,1.6,280.5,75.2,-68.1111,-52.7827
A-23a,2026-08-29T06:00:00+00:00,-68.1111,-52.7827,-68.1986,-52.8071,5214.7,2767.8,264.5,0.98,5.9,37.4,351.0,0.71,350.9,68.0,-68.0139,-52.7555
A-23a,2026-08-29T12:00:00+00:00,-68.0139,-52.7555,-68.0868,-52.7743,5214.7,2767.8,264.5,0.81,5.5,20.2,9.4,0.6,350.5,26.0,-67.9328,-52.7347
A-23a,2026-08-29T18:00:00+00:00,-67.9328,-52.7347,-67.84,-52.7347,5214.7,2767.8,264.5,1.03,180.0,12.1,189.0,1.04,165.0,27.4,-68.0359,-52.7346
A-23a,2026-08-30T00:00:00+00:00,-68.0359,-52.7346,-68.0342,-52.4996,5214.7,2767.8,264.5,0.98,268.9,37.2,276.5,0.65,253.9,57.5,-68.0378,-52.9958
A-23a,2026-08-30T06:00:00+00:00,-68.0378,-52.9958,-68.0751,-53.0583,5214.7,2767.8,264.5,0.49,32.1,25.5,28.4,0.27,17.1,69.4,-67.9963,-52.9263
A-23a,2026-08-30T12:00:00+00:00,-67.9963,-52.9263,-68.0442,-52.9184,5214.7,2767.8,264.5,0.53,356.4,30.6,328.7,0.31,341.4,80.8,-67.9432,-52.9352
A-23a,2026-08-30T18:00:00+00:00,-67.9432,-52.9352,-67.8252,-52.6615,5214.7,2767.8,264.5,1.74,221.1,34.1,196.6,1.47,206.1,26.5,-68.0743,-53.2392
A-017,2026-08-01T00:00:00+00:00,-67.9635,32.7327,-67.9541,32.8447,11122.7,7378.7,50.6,0.48,257.5,18.0,266.8,0.39,242.5,81.4,-67.9739,32.6082
A-017,2026-08-01T06:00:00+00:00,-67.9739,32.6082,-68.0026,32.6156,11122.7,7378.7,50.6,0.32,354.5,8.1,320.9,0.26,339.5,46.4,-67.942,32.6
A-017,2026-08-01T12:00:00+00:00,-67.942,32.6,-67.9293,32.27,11122.7,7378.7,50.6,1.38,95.9,11.2,57.2,1.52,80.9,36.1,-67.9562,32.9666
A-017,2026-08-01T18:00:00+00:00,-67.9562,32.9666,-67.9476,32.611,11122.7,7378.7,50.6,1.48,93.7,18.0,66.6,1.49,78.7,26.8,-67.9657,33.3617
A-017,2026-08-02T00:00:00+00:00,-67.9657,33.3617,-67.8518,33.2626,11122.7,7378.7,50.6,1.33,161.9,32.4,169.3,1.22,146.9,68.0,-68.0923,33.472
A-017,2026-08-02T06:00:00+00:00,-68.0923,33.472,-68.0739,33.6588,11122.7,7378.7,50.6,0.8,255.2,32.7,245.7,0.53,240.2,64.3,-68.1129,33.2643
A-017,2026-08-02T12:00:00+00:00,-68.1129,33.2643,-68.0548,33.5715,11122.7,7378.7,50.6,1.42,243.1,34.3,207.6,1.22,228.1,52.0,-68.1774,32.923
A-017,2026-08-02T18:00:00+00:00,-68.1774,32.923,-68.0911,32.8521,11122.7,7378.7,50.6,1.0,163.0,15.1,154.7,1.06,148.0,73.6,-68.2732,33.0018
A-017,2026-08-03T00:00:00+00:00,-68.2732,33.0018,-68.3414,32.6987,11122.7,7378.7,50.6,1.46,58.7,16.8,49.0,1.56,43.7,57.6,-68.1975,33.3387
A-017,2026-08-03T06:00:00+00:00,-68.1975,33.3387,-68.1529,33.6563,11122.7,7378.7,50.6,1.4,249.3,16.1,221.9,1.45,234.3,36.6,-68.247,32.9858
A-017,2026-08-03T12:00:00+00:00,-68.247,32.9858,-68.2951,32.936,11122.7,7378.7,50.6,0.57,21.0,26.2,0.5,0.36,6.0,68.5,-68.1934,33.0411
A-017,2026-08-03T18:00:00+00:00,-68.1934,33.0411,-68.1124,33.2784,11122.7,7378.7,50.6,1.33,227.4,28.7,207.6,1.34,212.4,82.9,-68.2835,32.7774
A-017,2026-08-04T00:00:00+00:00,-68.2835,32.7774,-68.2687,32.9381,11122.7,7378.7,50.6,0.68,256.0,15.5,256.0,0.52,241.0,23.0,-68.3,32.5988
A-017,2026-08-04T06:00:00+00:00,-68.3,32.5988,-68.1979,32.3958,11122.7,7378.7,50.6,1.41,143.7,10.2,142.1,1.55,128.7,27.3,-68.4136,32.8244
A-017,2026-08-04T12:00:00+00:00,-68.4136,32.8244,-68.4059,32.7299,11122.7,7378.7,50.6,0.4,102.4,8.1,75.7,0.36,87.4,46.9,-68.4221,32.9295
A-017,2026-08-04T18:00:00+00:00,-68.4221,32.9295,-68.3663,32.9423,11122.7,7378.7,50.6,0.62,184.8,18.2,160.9,0.41,169.8,28.0,-68.4841,32.9152
A-017,2026-08-05T00:00:00+00:00,-68.4841,32.9152,-68.5616,32.8857,11122.7,7378.7,50.6,0.87,7.9,19.1,351.8,0.73,352.9,37.9,-68.3979,32.948
A-017,2026-08-05T06:00:00+00:00,-68.3979,32.948,-68.4482,33.0748,11122.7,7378.7,50.6,0.76,317.1,27.9,308.8,0.4,302.1,32.2,-68.342,32.8072
A-017,2026-08-05T12:00:00+00:00,-68.342,32.8072,-68.4184,32.8247,11122.7,7378.7,50.6,0.85,355.2,28.0,340.8,0.54,340.2,37.8,-68.2572,32.7878
A-017,2026-08-05T18:00:00+00:00,-68.2572,32.7878,-68.3255,32.821,11122.7,7378.7,50.6,0.77,349.8,9.5,1.1,0.85,334.8,77.8,-68.1813,32.7508
A-017,2026-08-06T00:00:00+00:00,-68.1813,32.7508,-68.1294,32.7385,11122.7,7378.7,50.6,0.58,175.0,9.8,165.1,0.6,160.0,77.3,-68.239,32.7646
A-017,2026-08-06T06:00:00+00:00,-68.239,32.7646,-68.2433,32.5788,11122.7,7378.7,50.6,0.77,86.4,12.2,100.6,0.8,71.4,71.1,-68.2342,32.971
A-017,2026-08-06T12:00:00+00:00,-68.2342,32.971,-68.1889,33.1438,11122.7,7378.7,50.6,0.87,234.8,23.9,211.1,0.69,219.8,49.2,-68.2844,32.7789
A-017,2026-08-06T18:00:00+00:00,-68.2844,32.7789,-68.253,32.5119,11122.7,7378.7,50.6,1.15,107.7,28.7,99.2,0.87,92.7,30.4,-68.3194,33.0756
A-017,2026-08-07T00:00:00+00:00,-68.3194,33.0756,-68.3467,33.1278,11122.7,7378.7,50.6,0.37,324.8,14.6,325.7,0.22,309.8,51.6,-68.289,33.0177
A-017,2026-08-07T06:00:00+00:00,-68.289,33.0177,-68.3697,32.9273,11122.7,7378.7,50.6,0.97,22.5,14.6,341.5,0.91,7.5,27.1,-68.1993,33.1181
A-017,2026-08-07T12:00:00+00:00,-68.1993,33.1181,-68.0858,33.1678,11122.7,7378.7,50.6,1.28,189.2,29.6,187.9,1.17,174.2,62.8,-68.3256,33.0628
A-017,2026-08-07T18:00:00+00:00,-68.3256,33.0628,-68.3391,33.1771,11122.7,7378.7,50.6,0.49,287.7,32.0,268.7,0.23,272.7,77.5,-68.3106,32.9358
A-017,2026-08-08T00:00:00+00:00,-68.3106,32.9358,-68.2352,32.7117,11122.7,7378.7,50.6,1.24,132.3,15.2,101.8,1.33,117.3,63.4,-68.3942,33.1849
A-017,2026-08-08T06:00:00+00:00,-68.3942,33.1849,-68.3247,33.4834,11122.7,7378.7,50.6,1.44,237.7,24.7,220.9,1.32,222.7,31.9,-68.4715,32.8532
A-017,2026-08-08T12:00:00+00:00,-68.4715,32.8532,-68.4201,32.8443,11122.7,7378.7,50.6,0.57,176.4,22.9,190.2,0.41,161.4,70.0,-68.5286,32.8631
A-017,2026-08-08T18:00:00+00:00,-68.5286,32.8631,-68.4389,32.7973,11122.7,7378.7,50.6,1.03,165.0,31.1,151.1,0.68,150.0,32.2,-68.6282,32.9362
A-017,2026-08-09T00:00:00+00:00,-68.6282,32.9362,-68.6556,33.1937,11122.7,7378.7,50.6,1.08,286.3,30.0,259.5,0.79,271.3,37.7,-68.5978,32.6501
A-017,2026-08-09T06:00:00+00:00,-68.5978,32.6501,-68.4863,32.5728,11122.7,7378.7,50.6,1.28,165.8,14.0,144.7,1.38,150.8,56.7,-68.7217,32.7361
A-017,2026-08-09T12:00:00+00:00,-68.7217,32.7361,-68.6717,32.7107,11122.7,7378.7,50.6,0.56,169.6,10.9,169.9,0.47,154.6,23.0,-68.7773,32.7643
A-017,2026-08-09T18:00:00+00:00,-68.7773,32.7643,-68.7137,32.748,11122.7,7378.7,50.6,0.71,174.7,18.1,169.7,0.54,159.7,34.8,-68.8478,32.7824
A-017,2026-08-10T00:00:00+00:00,-68.8478,32.7824,-68.9164,32.6945,11122.7,7378.7,50.6,0.84,24.8,36.7,5.9,0.31,9.8,28.9,-68.7716,32.88
A-017,2026-08-10T06:00:00+00:00,-68.7716,32.88,-68.8401,32.7577,11122.7,7378.7,50.6,0.91,32.9,20.3,15.8,0.85,17.9,68.0,-68.6955,33.0159
A-017,2026-08-10T12:00:00+00:00,-68.6955,33.0159,-68.7731,32.919,11122.7,7378.7,50.6,0.95,24.4,11.1,356.3,0.97,9.4,34.3,-68.6094,33.1236
A-017,2026-08-10T18:00:00+00:00,-68.6094,33.1236,-68.5928,33.0422,11122.7,7378.7,50.6,0.38,119.2,14.4,133.5,0.25,104.2,58.2,-68.6279,33.2141
A-017,2026-08-11T00:00:00+00:00,-68.6279,33.2141,-68.5928,32.9866,11122.7,7378.7,50.6,1.0,112.9,11.6,100.9,1.02,97.9,33.6,-68.6668,33.467
A-017,2026-08-11T06:00:00+00:00,-68.6668,33.467,-68.646,33.3617,11122.7,7378.7,50.6,0.48,118.5,18.2,85.2,0.37,103.5,71.4,-68.69,33.584
A-017,2026-08-11T12:00:00+00:00,-68.69,33.584,-68.5941,33.7629,11122.7,7378.7,50.6,1.29,214.1,24.1,226.5,1.27,199.1,64.8,-68.7966,33.3852
A-017,2026-08-11T18:00:00+00:00,-68.7966,33.3852,-68.7174,33.5823,11122.7,7378.7,50.6,1.18,222.0,24.2,236.6,1.17,207.0,74.7,-68.8845,33.1661
A-017,2026-08-12T00:00:00+00:00,-68.8845,33.1661,-68.8978,32.8784,11122.7,7378.7,50.6,1.16,82.7,32.5,77.9,0.78,67.7,25.8,-68.8699,33.4858
A-017,2026-08-12T06:00:00+00:00,-68.8699,33.4858,-68.9421,33.545,11122.7,7378.7,50.6,0.84,343.6,25.5,332.9,0.59,328.6,42.7,-68.7896,33.4202
A-017,2026-08-12T12:00:00+00:00,-68.7896,33.4202,-68.6928,33.2622,11122.7,7378.7,50.6,1.25,149.5,18.7,162.8,1.17,134.5,26.3,-68.8972,33.5956
A-017,2026-08-12T18:00:00+00:00,-68.8972,33.5956,-68.9779,33.5838,11122.7,7378.7,50.6,0.9,3.0,26.8,7.7,0.59,348.0,30.2,-68.8076,33.6087
A-017,2026-08-13T00:00:00+00:00,-68.8076,33.6087,-68.7957,33.8222,11122.7,7378.7,50.6,0.87,261.2,30.1,263.7,0.47,246.2,28.6,-68.8208,33.3715
A-017,2026-08-13T06:00:00+00:00,-68.8208,33.3715,-68.7775,33.521,11122.7,7378.7,50.6,0.77,231.3,21.8,238.2,0.52,216.3,27.7,-68.869,33.2053
A-017,2026-08-13T12:00:00+00:00,-68.869,33.2053,-68.8237,32.8831,11122.7,7378.7,50.6,1.38,111.3,35.4,73.5,1.08,96.3,39.5,-68.9193,33.5632
A-017,2026-08-13T18:00:00+00:00,-68.9193,33.5632,-68.915,33.4111,11122.7,7378.7,50.6,0.61,94.5,28.6,55.4,0.29,79.5,50.8,-68.9241,33.7323
A-017,2026-08-14T00:00:00+00:00,-68.9241,33.7323,-68.8529,33.6637,11122.7,7378.7,50.6,0.84,160.9,8.2,134.8,0.95,145.9,78.0,-69.0031,33.8084
A-017,2026-08-14T06:00:00+00:00,-69.0031,33.8084,-69.0026,33.9547,11122.7,7378.7,50.6,0.58,269.4,11.3,275.2,0.5,254.4,27.0,-69.0037,33.6459
A-017,2026-08-14T12:00:00+00:00,-69.0037,33.6459,-69.0401,33.7723,11122.7,7378.7,50.6,0.64,308.8,14.9,292.5,0.57,293.8,56.1,-68.9634,33.5055
A-017,2026-08-14T18:00:00+00:00,-68.9634,33.5055,-69.087,33.3738,11122.7,7378.7,50.6,1.47,20.9,28.3,342.0,1.5,5.9,79.6,-68.8259,33.6519
A-017,2026-08-15T00:00:00+00:00,-68.8259,33.6519,-68.8991,33.638,11122.7,7378.7,50.6,0.81,3.9,37.5,319.1,0.42,348.9,54.6,-68.7447,33.6674
A-017,2026-08-15T06:00:00+00:00,-68.7447,33.6674,-68.8252,33.6481,11122.7,7378.7,50.6,0.9,5.0,25.0,343.3,0.79,350.0,71.7,-68.6552,33.6888
A-017,2026-08-15T12:00:00+00:00,-68.6552,33.6888,-68.6273,33.5692,11122.7,7378.7,50.6,0.57,122.7,16.4,93.7,0.5,107.7,70.2,-68.6863,33.8217
A-017,2026-08-15T18:00:00+00:00,-68.6863,33.8217,-68.6293,33.7744,11122.7,7378.7,50.6,0.66,163.2,8.6,146.1,0.73,148.2,80.3,-68.7496,33.8742
A-017,2026-08-16T00:00:00+00:00,-68.7496,33.8742,-68.7712,33.5154,11122.7,7378.7,50.6,1.46,80.6,34.2,41.5,1.17,65.6,34.9,-68.7256,34.2729
A-017,2026-08-16T06:00:00+00:00,-68.7256,34.2729,-68.776,34.2836,11122.7,7378.7,50.6,0.56,355.6,29.0,341.8,0.36,340.6,79.1,-68.6696,34.261
A-017,2026-08-16T12:00:00+00:00,-68.6696,34.261,-68.6811,34.4147,11122.7,7378.7,50.6,0.63,281.6,25.4,265.5,0.39,266.6,55.0,-68.6568,34.0903
A-017,2026-08-16T18:00:00+00:00,-68.6568,34.0903,-68.7161,33.7963,11122.7,7378.7,50.6,1.36,61.0,15.0,45.5,1.47,46.0,59.4,-68.591,34.4169
A-017,2026-08-17T00:00:00+00:00,-68.591,34.4169,-68.5866,34.117,11122.7,7378.7,50.6,1.22,92.3,34.5,86.9,0.97,77.3,54.9,-68.5958,34.7502
A-017,2026-08-17T06:00:00+00:00,-68.5958,34.7502,-68.5756,34.6324,11122.7,7378.7,50.6,0.53,115.2,15.8,119.5,0.39,100.2,47.8,-68.6184,34.8811
A-017,2026-08-17T12:00:00+00:00,-68.6184,34.8811,-68.6586,34.5388,11122.7,7378.7,50.6,1.46,72.1,33.5,73.9,1.32,57.1,61.4,-68.5737,35.2615
A-017,2026-08-17T18:00:00+00:00,-68.5737,35.2615,-68.5597,35.3881,11122.7,7378.7,50.6,0.54,253.2,23.5,224.9,0.3,238.2,55.5,-68.5892,35.1207
A-017,2026-08-18T00:00:00+00:00,-68.5892,35.1207,-68.5624,34.9794,11122.7,7378.7,50.6,0.65,117.4,30.1,115.9,0.43,102.4,75.1,-68.619,35.2778
A-017,2026-08-18T06:00:00+00:00,-68.619,35.2778,-68.6806,35.5015,11122.7,7378.7,50.6,1.13,307.1,8.9,275.6,1.29,292.1,64.9,-68.5505,35.0293
A-017,2026-08-18T12:00:00+00:00,-68.5505,35.0293,-68.5361,35.1777,11122.7,7378.7,50.6,0.62,255.2,33.9,260.3,0.32,240.2,68.2,-68.5664,34.8644
A-017,2026-08-18T18:00:00+00:00,-68.5664,34.8644,-68.6462,34.6606,11122.7,7378.7,50.6,1.21,43.0,27.1,29.2,1.16,28.0,72.3,-68.4778,35.0908
A-017,2026-08-19T00:00:00+00:00,-68.4778,35.0908,-68.5441,35.3034,11122.7,7378.7,50.6,1.14,310.4,21.2,321.9,1.11,295.4,61.0,-68.4041,34.8546
A-017,2026-08-19T06:00:00+00:00,-68.4041,34.8546,-68.4777,34.7991,11122.7,7378.7,50.6,0.85,15.5,37.1,9.3,0.41,0.5,44.6,-68.3222,34.9162
A-017,2026-08-19T12:00:00+00:00,-68.3222,34.9162,-68.4173,34.9195,11122.7,7378.7,50.6,1.06,359.3,11.5,329.1,1.1,344.3,37.0,-68.2165,34.9127
A-017,2026-08-19T18:00:00+00:00,-68.2165,34.9127,-68.2753,35.0875,11122.7,7378.7,50.6,0.97,312.2,10.6,292.6,1.04,297.2,51.0,-68.1512,34.7184
A-017,2026-08-20T00:00:00+00:00,-68.1512,34.7184,-68.1866,34.7893,11122.7,7378.7,50.6,0.49,323.2,22.7,327.7,0.31,308.2,69.6,-68.112,34.6396
A-017,2026-08-20T06:00:00+00:00,-68.112,34.6396,-68.145,34.8141,11122.7,7378.7,50.6,0.81,296.9,23.0,283.8,0.64,281.9,53.0,-68.0753,34.4457
A-017,2026-08-20T12:00:00+00:00,-68.0753,34.4457,-68.1045,34.3786,11122.7,7378.7,50.6,0.43,40.6,22.0,15.9,0.27,25.6,77.6,-68.0428,34.5203
A-017,2026-08-20T18:00:00+00:00,-68.0428,34.5203,-68.0322,34.6494,11122.7,7378.7,50.6,0.55,257.6,19.3,229.2,0.32,242.6,37.9,-68.0545,34.3769
A-017,2026-08-21T00:00:00+00:00,-68.0545,34.3769,-68.0227,34.3188,11122.7,7378.7,50.6,0.43,145.8,12.5,136.0,0.37,130.8,71.9,-68.09,34.4414
A-017,2026-08-21T06:00:00+00:00,-68.09,34.4414,-68.1695,34.5002,11122.7,7378.7,50.6,0.92,344.6,23.4,356.6,0.72,329.6,40.2,-68.0016,34.376
A-017,2026-08-21T12:00:00+00:00,-68.0016,34.376,-67.9262,34.583,11122.7,7378.7,50.6,1.2,225.8,13.1,207.7,1.22,210.8,22.6,-68.0853,34.1461
A-017,2026-08-21T18:00:00+00:00,-68.0853,34.1461,-68.0242,34.11,11122.7,7378.7,50.6,0.69,167.5,22.1,146.4,0.54,152.5,59.9,-68.1532,34.1863
A-017,2026-08-22T00:00:00+00:00,-68.1532,34.1863,-68.0261,34.0563,11122.7,7378.7,50.6,1.51,159.2,21.8,127.8,1.6,144.2,70.6,-68.2944,34.3307
A-017,2026-08-22T06:00:00+00:00,-68.2944,34.3307,-68.3573,34.6162,11122.7,7378.7,50.6,1.36,300.8,36.6,308.2,0.94,285.8,23.9,-68.2246,34.0134
A-017,2026-08-22T12:00:00+00:00,-68.2246,34.0134,-68.3494,34.1754,11122.7,7378.7,50.6,1.54,334.3,32.1,334.1,1.41,319.3,54.4,-68.0859,33.8334
A-017,2026-08-22T18:00:00+00:00,-68.0859,33.8334,-68.1928,33.9977,11122.7,7378.7,50.6,1.37,330.2,34.7,329.5,1.23,315.2,67.7,-67.967,33.6509
A-017,2026-08-23T00:00:00+00:00,-67.967,33.6509,-67.9243,33.8974,11122.7,7378.7,50.6,1.13,245.2,36.9,231.8,0.97,230.2,77.2,-68.0145,33.377
A-017,2026-08-23T06:00:00+00:00,-68.0145,33.377,-68.0564,33.1251,11122.7,7378.7,50.6,1.15,66.0,15.5,69.8,1.21,51.0,62.1,-67.968,33.657
A-017,2026-08-23T12:00:00+00:00,-67.968,33.657,-67.9853,33.3747,11122.7,7378.7,50.6,1.19,80.7,20.0,87.2,1.14,65.7,46.0,-67.9487,33.9707
A-017,2026-08-23T18:00:00+00:00,-67.9487,33.9707,-67.9738,34.219,11122.7,7378.7,50.6,1.07,285.1,28.3,261.4,0.93,270.1,63.4,-67.9208,33.6947
A-017,2026-08-24T00:00:00+00:00,-67.9208,33.6947,-67.8936,33.6439,11122.7,7378.7,50.6,0.37,144.9,17.2,107.1,0.23,129.9,69.2,-67.951,33.7512
A-017,2026-08-24T06:00:00+00:00,-67.951,33.7512,-67.9528,34.0637,11122.7,7378.7,50.6,1.3,270.9,11.9,260.0,1.38,255.9,26.8,-67.9491,33.404
A-017,2026-08-24T12:00:00+00:00,-67.9491,33.404,-67.9712,33.1243,11122.7,7378.7,50.6,1.19,78.1,36.8,90.7,0.85,63.1,45.4,-67.9245,33.7148
A-017,2026-08-24T18:00:00+00:00,-67.9245,33.7148,-67.9234,33.9181,11122.7,7378.7,50.6,0.85,269.2,36.4,227.4,0.42,254.2,44.3,-67.9257,33.4889
A-017,2026-08-25T00:00:00+00:00,-67.9257,33.4889,-67.9744,33.5193,11122.7,7378.7,50.6,0.55,346.8,16.7,314.4,0.46,331.8,66.9,-67.8717,33.4551
A-017,2026-08-25T06:00:00+00:00,-67.8717,33.4551,-67.8227,33.4832,11122.7,7378.7,50.6,0.56,192.1,19.1,195.6,0.46,177.1,76.3,-67.9262,33.424
A-017,2026-08-25T12:00:00+00:00,-67.9262,33.424,-67.887,33.6396,11122.7,7378.7,50.6,1.0,244.2,29.9,240.7,0.86,229.2,71.5,-67.9698,33.1844
A-017,2026-08-25T18:00:00+00:00,-67.9698,33.1844,-67.8396,33.3211,11122.7,7378.7,50.6,1.55,201.5,33.9,184.7,1.54,186.5,79.6,-68.1145,33.0325
A-017,2026-08-26T00:00:00+00:00,-68.1145,33.0325,-68.12,32.9419,11122.7,7378.7,50.6,0.38,80.8,8.7,81.3,0.35,65.8,65.3,-68.1084,33.1332
A-017,2026-08-26T06:00:00+00:00,-68.1084,33.1332,-68.1729,33.2436,11122.7,7378.7,50.6,0.85,327.5,23.6,298.9,0.59,312.5,28.7,-68.0367,33.0106
A-017,2026-08-26T12:00:00+00:00,-68.0367,33.0106,-68.009,33.316,11122.7,7378.7,50.6,1.3,256.4,26.3,251.0,1.14,241.4,38.8,-68.0674,32.6713
A-017,2026-08-26T18:00:00+00:00,-68.0674,32.6713,-68.1488,32.6911,11122.7,7378.7,50.6,0.91,354.8,27.2,357.5,0.61,339.8,34.0,-67.9771,32.6493
A-017,2026-08-27T00:00:00+00:00,-67.9771,32.6493,-68.0284,32.795,11122.7,7378.7,50.6,0.83,313.2,37.1,296.6,0.47,298.2,58.2,-67.9201,32.4874
A-017,2026-08-27T06:00:00+00:00,-67.9201,32.4874,-67.9463,32.1756,11122.7,7378.7,50.6,1.33,77.4,34.5,44.0,1.22,62.4,72.4,-67.8909,32.8338
A-017,2026-08-27T12:00:00+00:00,-67.8909,32.8338,-67.8898,33.0189,11122.7,7378.7,50.6,0.77,269.1,10.7,256.1,0.84,254.1,77.1,-67.8922,32.6281
A-017,2026-08-27T18:00:00+00:00,-67.8922,32.6281,-68.0169,32.5277,11122.7,7378.7,50.6,1.45,16.9,11.7,17.4,1.57,1.9,25.9,-67.7536,32.7398
A-017,2026-08-28T00:00:00+00:00,-67.7536,32.7398,-67.7068,32.7872,11122.7,7378.7,50.6,0.56,201.0,28.4,177.3,0.39,186.0,85.0,-67.8057,32.6871
A-017,2026-08-28T06:00:00+00:00,-67.8057,32.6871,-67.7829,32.6289,11122.7,7378.7,50.6,0.35,136.0,9.2,146.4,0.25,121.0,25.5,-67.831,32.7517
A-017,2026-08-28T12:00:00+00:00,-67.831,32.7517,-67.8955,32.9124,11122.7,7378.7,50.6,0.98,316.8,30.5,274.1,0.9,301.8,84.4,-67.7593,32.5732
A-017,2026-08-28T18:00:00+00:00,-67.7593,32.5732,-67.8659,32.4838,11122.7,7378.7,50.6,1.24,17.6,10.9,345.9,1.4,2.6,66.8,-67.6408,32.6725
A-017,2026-08-29T00:00:00+00:00,-67.6408,32.6725,-67.7837,32.669,11122.7,7378.7,50.6,1.59,0.5,23.7,3.0,1.48,345.5,21.7,-67.4819,32.6765
A-017,2026-08-29T06:00:00+00:00,-67.4819,32.6765,-67.4179,32.8214,11122.7,7378.7,50.6,0.94,220.9,32.3,211.0,0.67,205.9,55.7,-67.5531,32.5154
A-017,2026-08-29T12:00:00+00:00,-67.5531,32.5154,-67.5049,32.6036,11122.7,7378.7,50.6,0.65,214.9,33.1,188.6,0.22,199.9,41.7,-67.6068,32.4175
A-017,2026-08-29T18:00:00+00:00,-67.6068,32.4175,-67.5085,32.5877,11122.7,7378.7,50.6,1.31,213.4,27.1,179.0,1.22,198.4,58.7,-67.7159,32.2283
A-017,2026-08-30T00:00:00+00:00,-67.7159,32.2283,-67.8603,32.1964,11122.7,7378.7,50.6,1.61,4.8,36.8,326.9,1.48,349.8,64.2,-67.5555,32.2638
A-017,2026-08-30T06:00:00+00:00,-67.5555,32.2638,-67.5387,32.4659,11122.7,7378.7,50.6,0.88,257.7,19.8,219.5,0.68,242.7,25.0,-67.5743,32.0393
A-017,2026-08-30T12:00:00+00:00,-67.5743,32.0393,-67.6662,32.2852,11122.7,7378.7,50.6,1.46,314.4,26.1,291.1,1.42,299.4,57.4,-67.4721,31.766
A-017,2026-08-30T18:00:00+00:00,-67.4721,31.766,-67.4444,31.6502,11122.7,7378.7,50.6,0.58,122.0,11.3,105.2,0.52,107.0,42.3,-67.503,31.8948
A-81,2026-08-01T00:00:00+00:00,-71.7362,-50.3742,-71.7657,-50.6545,34893.6,15995.6,249.1,1.03,71.5,12.7,77.6,1.04,56.5,35.6,-71.7035,-50.0627
A-81,2026-08-01T06:00:00+00:00,-71.7035,-50.0627,-71.6787,-50.19,34893.6,15995.6,249.1,0.52,121.9,16.3,121.6,0.31,106.9,22.4,-71.7312,-49.9212
A-81,2026-08-01T12:00:00+00:00,-71.7312,-49.9212,-71.7405,-49.7558,34893.6,15995.6,249.1,0.58,280.2,30.4,263.1,0.38,265.2,81.1,-71.7208,-50.1049
A-81,2026-08-01T18:00:00+00:00,-71.7208,-50.1049,-71.6925,-50.1298,34893.6,15995.6,249.1,0.33,164.6,9.3,132.1,0.23,149.6,35.4,-71.7522,-50.0773
A-81,2026-08-02T00:00:00+00:00,-71.7522,-50.0773,-71.5989,-50.0435,34893.6,15995.6,249.1,1.71,183.9,36.1,154.3,1.55,168.9,53.8,-71.9225,-50.1148
A-81,2026-08-02T06:00:00+00:00,-71.9225,-50.1148,-71.9601,-49.9382,34893.6,15995.6,249.1,0.74,304.5,10.9,268.7,0.8,289.5,81.0,-71.8807,-50.311
A-81,2026-08-02T12:00:00+00:00,-71.8807,-50.311,-71.9467,-50.2851,34893.6,15995.6,249.1,0.74,353.0,36.3,314.9,0.28,338.0,43.5,-71.8074,-50.3398
A-81,2026-08-02T18:00:00+00:00,-71.8074,-50.3398,-71.7645,-49.9737,34893.6,15995.6,249.1,1.36,249.4,19.9,218.7,1.35,234.4,45.1,-71.855,-50.7466
A-81,2026-08-03T00:00:00+00:00,-71.855,-50.7466,-71.9763,-50.9194,34893.6,15995.6,249.1,1.47,23.9,28.5,26.2,1.52,8.9,81.9,-71.7203,-50.5546
A-81,2026-08-03T06:00:00+00:00,-71.7203,-50.5546,-71.736,-50.8269,34893.6,15995.6,249.1,0.96,79.6,31.0,91.4,0.68,64.6,47.9,-71.7029,-50.2522
A-81,2026-08-03T12:00:00+00:00,-71.7029,-50.2522,-71.6485,-50.2533,34893.6,15995.6,249.1,0.6,179.6,24.5,157.0,0.35,164.6,51.5,-71.7633,-50.2509
A-81,2026-08-03T18:00:00+00:00,-71.7633,-50.2509,-71.7215,-50.0943,34893.6,15995.6,249.1,0.71,229.5,30.9,231.9,0.4,214.5,54.1,-71.8097,-50.4249
A-81,2026-08-04T00:00:00+00:00,-71.8097,-50.4249,-71.8094,-50.3217,34893.6,15995.6,249.1,0.36,269.4,15.9,269.9,0.26,254.4,78.3,-71.8101,-50.5395
A-81,2026-08-04T06:00:00+00:00,-71.8101,-50.5395,-71.7402,-50.5134,34893.6,15995.6,249.1,0.78,186.7,8.1,190.0,0.83,171.7,39.4,-71.8878,-50.5685
A-81,2026-08-04T12:00:00+00:00,-71.8878,-50.5685,-71.9034,-50.243,34893.6,15995.6,249.1,1.14,278.8,22.3,240.2,0.97,263.8,28.9,-71.8704,-50.9302
A-81,2026-08-04T18:00:00+00:00,-71.8704,-50.9302,-71.8449,-51.1274,34893.6,15995.6,249.1,0.74,112.6,9.4,84.1,0.72,97.6,23.5,-71.8987,-50.7111
A-81,2026-08-05T00:00:00+00:00,-71.8987,-50.7111,-71.7719,-50.6834,34893.6,15995.6,249.1,1.41,183.9,28.0,162.6,1.17,168.9,23.1,-72.0397,-50.742
A-81,2026-08-05T06:00:00+00:00,-72.0397,-50.742,-71.9781,-50.4413,34893.6,15995.6,249.1,1.24,236.4,19.0,203.2,1.19,221.4,38.6,-72.1081,-51.0761
A-81,2026-08-05T12:00:00+00:00,-72.1081,-51.0761,-72.1912,-51.4005,34893.6,15995.6,249.1,1.44,50.2,13.5,5.7,1.59,35.2,57.9,-72.0158,-50.7156
A-81,2026-08-05T18:00:00+00:00,-72.0158,-50.7156,-72.0574,-50.4225,34893.6,15995.6,249.1,1.11,294.7,13.0,272.2,1.19,279.7,60.7,-71.9696,-51.0413
A-81,2026-08-06T00:00:00+00:00,-71.9696,-51.0413,-71.9201,-50.7849,34893.6,15995.6,249.1,1.04,238.0,31.0,206.2,0.73,223.0,39.3,-72.0247,-51.3262
A-81,2026-08-06T06:00:00+00:00,-72.0247,-51.3262,-71.9847,-51.0281,34893.6,15995.6,249.1,1.11,246.5,24.6,217.7,1.04,231.5,64.1,-72.0693,-51.6575
A-81,2026-08-06T12:00:00+00:00,-72.0693,-51.6575,-71.9261,-51.7652,34893.6,15995.6,249.1,1.63,167.0,37.4,164.2,1.44,152.0,54.8,-72.2283,-51.5379
A-81,2026-08-06T18:00:00+00:00,-72.2283,-51.5379,-72.1276,-51.8334,34893.6,15995.6,249.1,1.5,138.2,19.0,138.3,1.53,123.2,41.5,-72.3403,-51.2096
A-81,2026-08-07T00:00:00+00:00,-72.3403,-51.2096,-72.4157,-51.2589,34893.6,15995.6,249.1,0.85,11.2,11.1,7.7,0.9,356.2,60.2,-72.2565,-51.1547
A-81,2026-08-07T06:00:00+00:00,-72.2565,-51.1547,-72.2905,-51.41,34893.6,15995.6,249.1,0.94,66.4,37.2,70.0,0.45,51.4,32.0,-72.2188,-50.8711
A-81,2026-08-07T12:00:00+00:00,-72.2188,-50.8711,-72.2408,-50.6555,34893.6,15995.6,249.1,0.77,288.4,31.4,295.0,0.61,273.4,83.0,-72.1944,-51.1107
A-81,2026-08-07T18:00:00+00:00,-72.1944,-51.1107,-72.0834,-50.8925,34893.6,15995.6,249.1,1.44,211.0,20.1,201.5,1.51,196.0,65.5,-72.3177,-51.353
A-81,2026-08-08T00:00:00+00:00,-72.3177,-51.353,-72.231,-51.4439,34893.6,15995.6,249.1,1.01,162.3,37.7,170.3,0.76,147.3,69.6,-72.414,-51.2521
A-81,2026-08-08T06:00:00+00:00,-72.414,-51.2521,-72.4956,-51.4865,34893.6,15995.6,249.1,1.2,40.9,37.2,11.0,0.82,25.9,40.1,-72.3233,-50.9916
A-81,2026-08-08T12:00:00+00:00,-72.3233,-50.9916,-72.3033,-50.6535,34893.6,15995.6,249.1,1.16,259.0,36.3,260.8,0.93,244.0,63.6,-72.3454,-51.3672
A-81,2026-08-08T18:00:00+00:00,-72.3454,-51.3672,-72.2692,-51.4014,34893.6,15995.6,249.1,0.85,172.3,26.1,130.2,0.54,157.3,29.0,-72.4301,-51.3292
A-81,2026-08-09T00:00:00+00:00,-72.4301,-51.3292,-72.5248,-51.0305,34893.6,15995.6,249.1,1.45,316.4,34.9,272.5,1.37,301.4,73.8,-72.325,-51.6612
A-81,2026-08-09T06:00:00+00:00,-72.325,-51.6612,-72.468,-51.4678,34893.6,15995.6,249.1,1.72,337.7,34.9,345.6,1.44,322.7,29.3,-72.1661,-51.8761
A-81,2026-08-09T12:00:00+00:00,-72.1661,-51.8761,-72.126,-51.67,34893.6,15995.6,249.1,0.83,237.6,28.9,219.6,0.68,222.6,75.2,-72.2107,-52.1051
A-81,2026-08-09T18:00:00+00:00,-72.2107,-52.1051,-72.176,-51.9221,34893.6,15995.6,249.1,0.73,238.2,12.4,212.6,0.7,223.2,48.2,-72.2492,-52.3084
A-81,2026-08-10T00:00:00+00:00,-72.2492,-52.3084,-72.2739,-52.0835,34893.6,15995.6,249.1,0.81,289.8,16.0,282.1,0.74,274.8,46.5,-72.2218,-52.5583
A-81,2026-08-10T06:00:00+00:00,-72.2218,-52.5583,-72.241,-52.4896,34893.6,15995.6,249.1,0.32,312.4,10.2,298.5,0.22,297.4,47.7,-72.2005,-52.6347
A-81,2026-08-10T12:00:00+00:00,-72.2005,-52.6347,-72.1728,-52.4551,34893.6,15995.6,249.1,0.68,243.3,28.2,246.8,0.4,228.3,54.4,-72.2312,-52.8343
A-81,2026-08-10T18:00:00+00:00,-72.2312,-52.8343,-72.3559,-52.7847,34893.6,15995.6,249.1,1.39,353.1,25.1,353.0,1.25,338.1,32.5,-72.0926,-52.8893
A-81,2026-08-11T00:00:00+00:00,-72.0926,-52.8893,-72.0524,-52.7454,34893.6,15995.6,249.1,0.66,227.7,16.0,194.9,0.54,212.7,40.2,-72.1373,-53.0492
A-81,2026-08-11T06:00:00+00:00,-72.1373,-53.0492,-72.1056,-52.9843,34893.6,15995.6,249.1,0.42,212.1,23.3,225.4,0.26,197.1,82.3,-72.1725,-53.1213
A-81,2026-08-11T12:00:00+00:00,-72.1725,-53.1213,-72.1535,-53.2451,34893.6,15995.6,249.1,0.47,116.7,22.4,80.5,0.21,101.7,48.2,-72.1937,-52.9838
A-81,2026-08-11T18:00:00+00:00,-72.1937,-52.9838,-72.217,-52.8828,34893.6,15995.6,249.1,0.43,307.0,19.7,318.7,0.29,292.0,74.2,-72.1678,-53.0961
A-81,2026-08-12T00:00:00+00:00,-72.1678,-53.0961,-72.1225,-53.0224,34893.6,15995.6,249.1,0.56,206.5,30.9,181.4,0.31,191.5,72.9,-72.2181,-53.178
A-81,2026-08-12T06:00:00+00:00,-72.2181,-53.178,-72.3358,-53.0137,34893.6,15995.6,249.1,1.42,336.9,18.0,349.0,1.4,321.9,24.3,-72.0874,-53.3606
A-81,2026-08-12T12:00:00+00:00,-72.0874,-53.3606,-72.0373,-53.2089,34893.6,15995.6,249.1,0.76,222.9,23.8,220.3,0.59,207.9,59.4,-72.1432,-53.5292
A-81,2026-08-12T18:00:00+00:00,-72.1432,-53.5292,-72.0675,-53.6887,34893.6,15995.6,249.1,1.0,147.1,33.7,115.7,0.83,132.1,76.1,-72.2273,-53.352
A-81,2026-08-13T00:00:00+00:00,-72.2273,-53.352,-72.3524,-53.1812,34893.6,15995.6,249.1,1.5,337.4,23.7,313.9,1.53,322.4,60.8,-72.0882,-53.5418
A-81,2026-08-13T06:00:00+00:00,-72.0882,-53.5418,-72.028,-53.7458,34893.6,15995.6,249.1,0.97,133.8,9.5,132.6,1.09,118.8,78.2,-72.1551,-53.3151
A-81,2026-08-13T12:00:00+00:00,-72.1551,-53.3151,-72.0899,-53.2202,34893.6,15995.6,249.1,0.79,204.1,21.2,215.6,0.75,189.1,81.3,-72.2275,-53.4207
A-81,2026-08-13T18:00:00+00:00,-72.2275,-53.4207,-72.2301,-52.956,34893.6,15995.6,249.1,1.57,271.1,34.6,261.4,1.27,256.1,28.5,-72.2245,-53.937
A-81,2026-08-14T00:00:00+00:00,-72.2245,-53.937,-72.3121,-54.1512,34893.6,15995.6,249.1,1.21,36.8,12.1,7.0,1.32,21.8,52.0,-72.1273,-53.699
A-81,2026-08-14T06:00:00+00:00,-72.1273,-53.699,-72.042,-53.8082,34893.6,15995.6,249.1,1.02,158.6,26.8,170.7,0.74,143.6,30.5,-72.222,-53.5777
A-81,2026-08-14T12:00:00+00:00,-72.222,-53.5777,-72.1202,-53.3221,34893.6,15995.6,249.1,1.42,217.5,29.0,216.6,1.28,202.5,45.8,-72.3352,-53.8616
A-81,2026-08-14T18:00:00+00:00,-72.3352,-53.8616,-72.2813,-53.8342,34893.6,15995.6,249.1,0.6,188.8,23.7,192.1,0.29,173.8,33.2,-72.395,-53.8921
A-81,2026-08-15T00:00:00+00:00,-72.395,-53.8921,-72.5141,-53.7586,34893.6,15995.6,249.1,1.4,341.3,15.0,337.4,1.54,326.3,66.5,-72.2627,-54.0405
A-81,2026-08-15T06:00:00+00:00,-72.2627,-54.0405,-72.2081,-54.4143,34893.6,15995.6,249.1,1.4,115.6,13.1,124.1,1.55,100.6,55.4,-72.3234,-53.6251
A-81,2026-08-15T12:00:00+00:00,-72.3234,-53.6251,-72.4079,-53.8824,34893.6,15995.6,249.1,1.28,42.8,10.4,3.8,1.39,27.8,30.7,-72.2296,-53.3393
A-81,2026-08-15T18:00:00+00:00,-72.2296,-53.3393,-72.2075,-53.2994,34893.6,15995.6,249.1,0.28,208.8,11.0,217.1,0.2,193.8,68.8,-72.2542,-53.3836
A-81,2026-08-16T00:00:00+00:00,-72.2542,-53.3836,-72.1545,-53.3966,34893.6,15995.6,249.1,1.11,177.7,15.1,184.8,1.14,162.7,52.2,-72.365,-53.3692
A-81,2026-08-16T06:00:00+00:00,-72.365,-53.3692,-72.3305,-53.5493,34893.6,15995.6,249.1,0.72,122.3,25.2,124.2,0.37,107.3,24.8,-72.4033,-53.169
A-81,2026-08-16T12:00:00+00:00,-72.4033,-53.169,-72.398,-53.3795,34893.6,15995.6,249.1,0.71,94.8,28.0,106.8,0.57,79.8,82.5,-72.4092,-52.9351
A-81,2026-08-16T18:00:00+00:00,-72.4092,-52.9351,-72.3701,-53.1197,34893.6,15995.6,249.1,0.76,125.0,33.9,116.3,0.4,110.0,53.2,-72.4526,-52.7301
A-81,2026-08-17T00:00:00+00:00,-72.4526,-52.7301,-72.4709,-53.034,34893.6,15995.6,249.1,1.04,78.7,37.2,34.0,0.59,63.7,35.4,-72.4323,-52.3925
A-81,2026-08-17T06:00:00+00:00,-72.4323,-52.3925,-72.4219,-52.5394,34893.6,15995.6,249.1,0.51,103.3,14.1,90.0,0.34,88.3,27.0,-72.444,-52.2292
A-81,2026-08-17T12:00:00+00:00,-72.444,-52.2292,-72.3346,-52.1535,34893.6,15995.6,249.1,1.24,191.8,12.3,166.8,1.31,176.8,31.1,-72.5655,-52.3133
A-81,2026-08-17T18:00:00+00:00,-72.5655,-52.3133,-72.6121,-52.3013,34893.6,15995.6,249.1,0.52,355.6,13.6,5.0,0.43,340.6,52.0,-72.5137,-52.3267
A-81,2026-08-18T00:00:00+00:00,-72.5137,-52.3267,-72.4511,-52.1767,34893.6,15995.6,249.1,0.86,215.7,32.6,193.0,0.46,200.7,37.0,-72.5833,-52.4932
A-81,2026-08-18T06:00:00+00:00,-72.5833,-52.4932,-72.4869,-52.6328,34893.6,15995.6,249.1,1.17,156.6,35.9,151.2,1.0,141.6,73.9,-72.6903,-52.3382
A-81,2026-08-18T12:00:00+00:00,-72.6903,-52.3382,-72.7019,-52.05,34893.6,15995.6,249.1,0.96,277.7,31.5,247.2,0.81,262.7,76.3,-72.6774,-52.6583
A-81,2026-08-18T18:00:00+00:00,-72.6774,-52.6583,-72.6948,-52.4786,34893.6,15995.6,249.1,0.62,288.0,14.9,296.1,0.54,273.0,53.5,-72.6581,-52.858
A-81,2026-08-19T00:00:00+00:00,-72.6581,-52.858,-72.7406,-52.8766,34893.6,15995.6,249.1,0.92,3.8,24.3,358.5,0.77,348.8,57.2,-72.5664,-52.8374
A-81,2026-08-19T06:00:00+00:00,-72.5664,-52.8374,-72.6012,-52.5655,34893.6,15995.6,249.1,0.98,293.1,21.5,266.0,0.89,278.1,55.4,-72.5277,-53.1394
A-81,2026-08-19T12:00:00+00:00,-72.5277,-53.1394,-72.425,-53.457,34893.6,15995.6,249.1,1.56,137.1,27.1,145.0,1.5,122.1,51.1,-72.6419,-52.7866
A-81,2026-08-19T18:00:00+00:00,-72.6419,-52.7866,-72.7163,-52.7378,34893.6,15995.6,249.1,0.84,348.9,9.8,309.9,0.9,333.9,53.7,-72.5591,-52.8408
A-81,2026-08-20T00:00:00+00:00,-72.5591,-52.8408,-72.6127,-52.7775,34893.6,15995.6,249.1,0.63,340.5,32.2,309.6,0.22,325.5,44.4,-72.4996,-52.9111
A-81,2026-08-20T06:00:00+00:00,-72.4996,-52.9111,-72.4727,-52.7806,34893.6,15995.6,249.1,0.53,235.6,12.3,237.2,0.44,220.6,42.7,-72.5294,-53.0561
A-81,2026-08-20T12:00:00+00:00,-72.5294,-53.0561,-72.5625,-53.3352,34893.6,15995.6,249.1,1.0,68.4,28.2,31.0,0.75,53.4,43.8,-72.4926,-52.7459
A-81,2026-08-20T18:00:00+00:00,-72.4926,-52.7459,-72.391,-52.7142,34893.6,15995.6,249.1,1.13,185.4,31.3,194.1,0.83,170.4,37.2,-72.6054,-52.7811
A-81,2026-08-21T00:00:00+00:00,-72.6054,-52.7811,-72.6487,-52.4688,34893.6,15995.6,249.1,1.14,294.9,25.1,263.7,0.93,279.9,31.3,-72.5572,-53.1281
A-81,2026-08-21T06:00:00+00:00,-72.5572,-53.1281,-72.5514,-53.4883,34893.6,15995.6,249.1,1.2,93.1,37.5,49.9,1.0,78.1,69.1,-72.5637,-52.7279
A-81,2026-08-21T12:00:00+00:00,-72.5637,-52.7279,-72.4821,-52.4397,34893.6,15995.6,249.1,1.32,226.6,36.6,200.7,0.95,211.6,35.3,-72.6544,-53.0482
A-81,2026-08-21T18:00:00+00:00,-72.6544,-53.0482,-72.5836,-52.7428,34893.6,15995.6,249.1,1.28,232.2,26.7,195.1,1.3,217.2,82.0,-72.733,-53.3875
A-81,2026-08-22T00:00:00+00:00,-72.733,-53.3875,-72.8427,-53.4107,34893.6,15995.6,249.1,1.22,3.6,11.8,330.7,1.39,348.6,81.8,-72.6111,-53.3617
A-81,2026-08-22T06:00:00+00:00,-72.6111,-53.3617,-72.6027,-53.7894,34893.6,15995.6,249.1,1.42,93.7,28.8,82.7,1.38,78.7,66.7,-72.6203,-52.8863
A-81,2026-08-22T12:00:00+00:00,-72.6203,-52.8863,-72.5583,-53.3488,34893.6,15995.6,249.1,1.68,114.2,29.5,90.3,1.56,99.2,39.4,-72.6892,-52.3725
A-81,2026-08-22T18:00:00+00:00,-72.6892,-52.3725,-72.7812,-52.1381,34893.6,15995.6,249.1,1.28,322.8,26.2,304.6,1.05,307.8,24.3,-72.587,-52.6331
A-81,2026-08-23T00:00:00+00:00,-72.587,-52.6331,-72.5207,-52.8169,34893.6,15995.6,249.1,0.96,140.3,10.5,124.8,1.08,125.3,82.6,-72.6606,-52.4288
A-81,2026-08-23T06:00:00+00:00,-72.6606,-52.4288,-72.7666,-52.4499,34893.6,15995.6,249.1,1.18,3.4,30.5,12.9,1.12,348.4,80.0,-72.5428,-52.4054
A-81,2026-08-23T12:00:00+00:00,-72.5428,-52.4054,-72.476,-52.2795,34893.6,15995.6,249.1,0.85,209.5,15.1,195.8,0.83,194.5,55.1,-72.6171,-52.5454
A-81,2026-08-23T18:00:00+00:00,-72.6171,-52.5454,-72.6458,-53.0574,34893.6,15995.6,249.1,1.73,79.4,37.2,67.2,1.51,64.4,44.7,-72.5851,-51.9764
A-81,2026-08-24T00:00:00+00:00,-72.5851,-51.9764,-72.5445,-51.6732,34893.6,15995.6,249.1,1.1,245.9,10.3,221.0,1.21,230.9,50.0,-72.6303,-52.3133
A-81,2026-08-24T06:00:00+00:00,-72.6303,-52.3133,-72.5484,-52.1304,34893.6,15995.6,249.1,1.09,213.7,26.3,177.3,0.96,198.7,57.3,-72.7212,-52.5166
A-81,2026-08-24T12:00:00+00:00,-72.7212,-52.5166,-72.6133,-52.2694,34893.6,15995.6,249.1,1.45,214.2,21.1,179.0,1.38,199.2,28.4,-72.8412,-52.7912
A-81,2026-08-24T18:00:00+00:00,-72.8412,-52.7912,-72.9153,-53.1922,34893.6,15995.6,249.1,1.55,57.9,23.5,70.6,1.59,42.9,61.8,-72.7587,-52.3458
A-81,2026-08-25T00:00:00+00:00,-72.7587,-52.3458,-72.6855,-52.3244,34893.6,15995.6,249.1,0.82,185.0,17.5,188.8,0.76,170.0,60.6,-72.8401,-52.3695
A-81,2026-08-25T06:00:00+00:00,-72.8401,-52.3695,-72.8945,-52.3872,34893.6,15995.6,249.1,0.61,5.5,15.1,18.7,0.58,350.5,78.2,-72.7796,-52.3499
A-81,2026-08-25T12:00:00+00:00,-72.7796,-52.3499,-72.8474,-52.434,34893.6,15995.6,249.1,0.8,20.2,18.8,358.0,0.73,5.2,64.6,-72.7044,-52.2565
A-81,2026-08-25T18:00:00+00:00,-72.7044,-52.2565,-72.7586,-52.2979,34893.6,15995.6,249.1,0.62,12.8,25.1,11.0,0.37,357.8,55.2,-72.6442,-52.2105
A-81,2026-08-26T00:00:00+00:00,-72.6442,-52.2105,-72.6011,-52.4296,34893.6,15995.6,249.1,0.87,123.4,31.4,123.3,0.72,108.4,80.7,-72.6921,-51.9671
A-81,2026-08-26T06:00:00+00:00,-72.6921,-51.9671,-72.6518,-51.8539,34893.6,15995.6,249.1,0.58,219.9,19.8,213.7,0.47,204.9,73.0,-72.7369,-52.0928
A-81,2026-08-26T12:00:00+00:00,-72.7369,-52.0928,-72.6652,-51.8693,34893.6,15995.6,249.1,1.08,222.8,16.8,229.8,1.09,207.8,54.6,-72.8165,-52.3411
A-81,2026-08-26T18:00:00+00:00,-72.8165,-52.3411,-72.7636,-52.5272,34893.6,15995.6,249.1,0.85,133.9,25.3,96.9,0.75,118.9,76.3,-72.8753,-52.1344
A-81,2026-08-27T00:00:00+00:00,-72.8753,-52.1344,-72.9874,-52.327,34893.6,15995.6,249.1,1.39,26.8,13.8,345.8,1.49,11.8,42.1,-72.7508,-51.9205
A-81,2026-08-27T06:00:00+00:00,-72.7508,-51.9205,-72.8326,-52.1019,34893.6,15995.6,249.1,1.09,33.3,12.9,28.7,1.15,18.3,54.6,-72.66,-51.7189
A-81,2026-08-27T12:00:00+00:00,-72.66,-51.7189,-72.73,-51.8898,34893.6,15995.6,249.1,0.96,36.0,18.1,356.2,0.88,21.0,42.3,-72.5821,-51.529
A-81,2026-08-27T18:00:00+00:00,-72.5821,-51.529,-72.5371,-51.3648,34893.6,15995.6,249.1,0.74,227.5,13.0,207.2,0.77,212.5,76.4,-72.6321,-51.7114
A-81,2026-08-28T00:00:00+00:00,-72.6321,-51.7114,-72.524,-51.5944,34893.6,15995.6,249.1,1.26,197.9,14.7,190.7,1.29,182.9,34.5,-72.7523,-51.8415
A-81,2026-08-28T06:00:00+00:00,-72.7523,-51.8415,-72.635,-51.7712,34893.6,15995.6,249.1,1.32,190.1,37.7,181.6,0.98,175.1,43.8,-72.8825,-51.9197
A-81,2026-08-28T12:00:00+00:00,-72.8825,-51.9197,-72.809,-51.9002,34893.6,15995.6,249.1,0.82,184.4,36.5,176.3,0.57,169.4,75.3,-72.9642,-51.9412
A-81,2026-08-28T18:00:00+00:00,-72.9642,-51.9412,-72.9269,-51.5721,34893.6,15995.6,249.1,1.27,250.9,17.7,219.6,1.26,235.9,38.7,-73.0058,-52.3514
A-81,2026-08-29T00:00:00+00:00,-73.0058,-52.3514,-73.0594,-52.4374,34893.6,15995.6,249.1,0.66,25.1,15.9,2.7,0.63,10.1,77.1,-72.9462,-52.2557
A-81,2026-08-29T06:00:00+00:00,-72.9462,-52.2557,-72.9915,-52.1725,34893.6,15995.6,249.1,0.57,331.7,34.8,296.8,0.3,316.7,79.4,-72.8958,-52.3482
A-81,2026-08-29T12:00:00+00:00,-72.8958,-52.3482,-72.8907,-52.5797,34893.6,15995.6,249.1,0.76,94.3,26.0,59.3,0.48,79.3,41.7,-72.9015,-52.0908
A-81,2026-08-29T18:00:00+00:00,-72.9015,-52.0908,-72.9176,-51.9589,34893.6,15995.6,249.1,0.47,292.5,15.1,285.6,0.32,277.5,45.6,-72.8837,-52.2375
A-81,2026-08-30T00:00:00+00:00,-72.8837,-52.2375,-72.8527,-52.3246,34893.6,15995.6,249.1,0.45,140.4,10.6,105.7,0.35,125.4,33.1,-72.9181,-52.1407
A-81,2026-08-30T06:00:00+00:00,-72.9181,-52.1407,-72.965,-52.4211,34893.6,15995.6,249.1,1.05,60.3,14.5,62.5,1.07,45.3,47.3,-72.8659,-51.829
A-81,2026-08-30T12:00:00+00:00,-72.8659,-51.829,-72.9242,-51.8827,34893.6,15995.6,249.1,0.67,15.2,29.8,342.2,0.34,0.2,49.1,-72.8011,-51.7695
A-81,2026-08-30T18:00:00+00:00,-72.8011,-51.7695,-72.8697,-52.0265,34893.6,15995.6,249.1,1.14,47.9,17.5,5.8,1.07,32.9,29.7,-72.7249,-51.4839
B-015K,2026-08-01T00:00:00+00:00,-63.3574,19.2502,-63.3701,19.0796,10136.7,6395.5,49.0,0.86,80.6,31.3,63.8,0.74,65.6,84.8,-63.3433,19.4397
B-015K,2026-08-01T06:00:00+00:00,-63.3433,19.4397,-63.2589,19.5477,10136.7,6395.5,49.0,1.08,209.8,28.9,188.5,0.99,194.8,74.3,-63.4371,19.3198
B-015K,2026-08-01T12:00:00+00:00,-63.4371,19.3198,-63.5236,19.3146,10136.7,6395.5,49.0,0.96,1.5,30.7,2.4,0.71,346.5,53.4,-63.3411,19.3255
B-015K,2026-08-01T18:00:00+00:00,-63.3411,19.3255,-63.3941,19.4455,10136.7,6395.5,49.0,0.84,314.5,24.7,276.1,0.76,299.5,80.8,-63.2822,19.192
B-015K,2026-08-02T00:00:00+00:00,-63.2822,19.192,-63.3873,19.2836,10136.7,6395.5,49.0,1.25,338.6,24.7,328.6,1.29,323.6,82.1,-63.1654,19.0903
B-015K,2026-08-02T06:00:00+00:00,-63.1654,19.0903,-63.1184,19.2733,10136.7,6395.5,49.0,1.05,240.3,33.9,210.1,0.78,225.3,55.0,-63.2177,18.887
B-015K,2026-08-02T12:00:00+00:00,-63.2177,18.887,-63.2616,18.9266,10136.7,6395.5,49.0,0.53,337.9,16.4,310.5,0.39,322.9,53.2,-63.1689,18.843
B-015K,2026-08-02T18:00:00+00:00,-63.1689,18.843,-63.2457,18.8903,10136.7,6395.5,49.0,0.88,344.5,37.5,321.5,0.59,329.5,67.6,-63.0835,18.7905
B-015K,2026-08-03T00:00:00+00:00,-63.0835,18.7905,-62.9681,18.7134,10136.7,6395.5,49.0,1.34,163.2,20.7,130.9,1.41,148.2,74.7,-63.2117,18.876
B-015K,2026-08-03T06:00:00+00:00,-63.2117,18.876,-63.1475,18.9354,10136.7,6395.5,49.0,0.77,202.6,16.6,180.7,0.63,187.6,27.7,-63.2831,18.8101
B-015K,2026-08-03T12:00:00+00:00,-63.2831,18.8101,-63.2147,19.0364,10136.7,6395.5,49.0,1.36,236.1,10.5,249.5,1.58,221.1,80.6,-63.3592,18.5587
B-015K,2026-08-03T18:00:00+00:00,-63.3592,18.5587,-63.3962,18.5325,10136.7,6395.5,49.0,0.43,17.6,8.2,14.2,0.42,2.6,61.5,-63.318,18.5878
B-015K,2026-08-04T00:00:00+00:00,-63.318,18.5878,-63.3528,18.6643,10136.7,6395.5,49.0,0.54,315.4,25.6,316.2,0.3,300.4,61.8,-63.2793,18.5029
B-015K,2026-08-04T06:00:00+00:00,-63.2793,18.5029,-63.3485,18.4992,10136.7,6395.5,49.0,0.77,1.4,32.8,356.8,0.36,346.4,40.6,-63.2025,18.5071
B-015K,2026-08-04T12:00:00+00:00,-63.2025,18.5071,-63.1493,18.3802,10136.7,6395.5,49.0,0.87,132.9,14.3,116.6,0.87,117.9,61.2,-63.2617,18.648
B-015K,2026-08-04T18:00:00+00:00,-63.2617,18.648,-63.2573,18.8947,10136.7,6395.5,49.0,1.23,267.8,20.8,265.7,1.15,252.8,38.5,-63.2665,18.374
B-015K,2026-08-05T00:00:00+00:00,-63.2665,18.374,-63.233,18.5282,10136.7,6395.5,49.0,0.85,244.3,23.6,222.1,0.74,229.3,66.6,-63.3036,18.2026
B-015K,2026-08-05T06:00:00+00:00,-63.3036,18.2026,-63.3913,18.0992,10136.7,6395.5,49.0,1.1,27.9,12.3,346.7,1.17,12.9,47.5,-63.2061,18.3175
B-015K,2026-08-05T12:00:00+00:00,-63.2061,18.3175,-63.2432,18.5947,10136.7,6395.5,49.0,1.45,286.5,35.0,284.0,1.21,271.5,46.9,-63.1649,18.0096
B-015K,2026-08-05T18:00:00+00:00,-63.1649,18.0096,-63.1631,17.7204,10136.7,6395.5,49.0,1.45,90.8,30.4,46.7,1.38,75.8,65.7,-63.1669,18.3309
B-015K,2026-08-06T00:00:00+00:00,-63.1669,18.3309,-63.159,17.9774,10136.7,6395.5,49.0,1.77,92.8,35.6,103.6,1.53,77.8,34.2,-63.1757,18.7236
B-015K,2026-08-06T06:00:00+00:00,-63.1757,18.7236,-63.1176,19.0136,10136.7,6395.5,49.0,1.59,246.1,32.4,254.7,1.33,231.1,28.7,-63.2402,18.4014
B-015K,2026-08-06T12:00:00+00:00,-63.2402,18.4014,-63.2533,18.1575,10136.7,6395.5,49.0,1.23,83.2,33.1,45.5,1.05,68.2,61.9,-63.2256,18.6725
B-015K,2026-08-06T18:00:00+00:00,-63.2256,18.6725,-63.2135,18.7658,10136.7,6395.5,49.0,0.48,254.0,26.8,224.7,0.28,239.0,77.6,-63.239,18.5689
B-015K,2026-08-07T00:00:00+00:00,-63.239,18.5689,-63.1633,18.4588,10136.7,6395.5,49.0,1.0,146.8,23.6,149.5,0.89,131.8,55.9,-63.3231,18.6913
B-015K,2026-08-07T06:00:00+00:00,-63.3231,18.6913,-63.22,18.7791,10136.7,6395.5,49.0,1.22,200.9,18.4,191.7,1.27,185.9,65.9,-63.4376,18.5937
B-015K,2026-08-07T12:00:00+00:00,-63.4376,18.5937,-63.4605,18.4549,10136.7,6395.5,49.0,0.73,69.7,28.0,63.7,0.45,54.7,50.2,-63.4121,18.7479
B-015K,2026-08-07T18:00:00+00:00,-63.4121,18.7479,-63.5051,18.7796,10136.7,6395.5,49.0,1.04,351.3,15.8,350.4,0.99,336.3,28.8,-63.3087,18.7126
B-015K,2026-08-08T00:00:00+00:00,-63.3087,18.7126,-63.2741,18.7394,10136.7,6395.5,49.0,0.41,199.2,12.6,205.6,0.25,184.2,25.9,-63.347,18.6829
B-015K,2026-08-08T06:00:00+00:00,-63.347,18.6829,-63.4353,18.8749,10136.7,6395.5,49.0,1.37,315.7,32.5,307.8,1.24,300.7,62.7,-63.2489,18.4695
B-015K,2026-08-08T12:00:00+00:00,-63.2489,18.4695,-63.2586,18.3947,10136.7,6395.5,49.0,0.39,74.0,15.2,36.8,0.27,59.0,66.7,-63.2382,18.5526
B-015K,2026-08-08T18:00:00+00:00,-63.2382,18.5526,-63.2026,18.7202,10136.7,6395.5,49.0,0.93,244.8,36.8,232.4,0.45,229.8,34.0,-63.2777,18.3663
B-015K,2026-08-09T00:00:00+00:00,-63.2777,18.3663,-63.2851,18.4985,10136.7,6395.5,49.0,0.66,277.1,21.3,258.2,0.5,262.1,57.9,-63.2695,18.2194
B-015K,2026-08-09T06:00:00+00:00,-63.2695,18.2194,-63.2866,18.2923,10136.7,6395.5,49.0,0.41,297.5,13.6,301.6,0.24,282.5,30.1,-63.2505,18.1385
B-015K,2026-08-09T12:00:00+00:00,-63.2505,18.1385,-63.332,18.2146,10136.7,6395.5,49.0,0.98,337.2,36.7,327.5,0.5,322.2,31.1,-63.16,18.054
B-015K,2026-08-09T18:00:00+00:00,-63.16,18.054,-63.097,18.0785,10136.7,6395.5,49.0,0.71,190.0,11.0,153.8,0.66,175.0,24.9,-63.23,18.0266
B-015K,2026-08-10T00:00:00+00:00,-63.23,18.0266,-63.2028,18.1231,10136.7,6395.5,49.0,0.57,237.9,17.1,199.1,0.4,222.9,41.1,-63.2603,17.9194
B-015K,2026-08-10T06:00:00+00:00,-63.2603,17.9194,-63.3664,17.8172,10136.7,6395.5,49.0,1.28,23.4,18.9,347.1,1.31,8.4,55.1,-63.1424,18.033
B-015K,2026-08-10T12:00:00+00:00,-63.1424,18.033,-63.1937,18.0969,10136.7,6395.5,49.0,0.65,330.6,17.6,338.3,0.57,315.6,67.1,-63.0854,17.962
B-015K,2026-08-10T18:00:00+00:00,-63.0854,17.962,-63.0733,18.1626,10136.7,6395.5,49.0,1.02,262.4,21.9,267.7,0.89,247.4,45.6,-63.0989,17.739
B-015K,2026-08-11T00:00:00+00:00,-63.0989,17.739,-63.1457,17.6391,10136.7,6395.5,49.0,0.72,44.0,15.4,7.0,0.67,29.0,57.5,-63.0468,17.85
B-015K,2026-08-11T06:00:00+00:00,-63.0468,17.85,-62.9299,17.8106,10136.7,6395.5,49.0,1.31,171.3,36.6,179.3,1.2,156.3,78.1,-63.1767,17.8938
B-015K,2026-08-11T12:00:00+00:00,-63.1767,17.8938,-63.2124,18.1062,10136.7,6395.5,49.0,1.14,290.4,26.1,305.3,1.02,275.4,57.1,-63.137,17.6577
B-015K,2026-08-11T18:00:00+00:00,-63.137,17.6577,-63.1452,17.5014,10136.7,6395.5,49.0,0.79,83.4,21.2,58.4,0.66,68.4,58.7,-63.1279,17.8313
B-015K,2026-08-12T00:00:00+00:00,-63.1279,17.8313,-63.2254,17.9784,10136.7,6395.5,49.0,1.31,325.7,30.8,327.8,1.21,310.7,66.0,-63.0196,17.6678
B-015K,2026-08-12T06:00:00+00:00,-63.0196,17.6678,-63.0156,17.3416,10136.7,6395.5,49.0,1.64,91.5,32.5,49.8,1.53,76.5,53.7,-63.024,18.0302
B-015K,2026-08-12T12:00:00+00:00,-63.024,18.0302,-63.0835,17.8533,10136.7,6395.5,49.0,1.11,53.4,11.9,10.1,1.15,38.4,28.8,-62.9578,18.2267
B-015K,2026-08-12T18:00:00+00:00,-62.9578,18.2267,-62.9201,18.4644,10136.7,6395.5,49.0,1.27,250.8,18.9,262.5,1.22,235.8,32.2,-62.9997,17.9626
B-015K,2026-08-13T00:00:00+00:00,-62.9997,17.9626,-63.0857,17.8517,10136.7,6395.5,49.0,1.11,30.3,9.1,16.0,1.27,15.3,72.7,-62.9041,18.0858
B-015K,2026-08-13T06:00:00+00:00,-62.9041,18.0858,-62.813,18.1767,10136.7,6395.5,49.0,1.11,204.4,28.6,167.6,0.9,189.4,48.5,-63.0054,17.9849
B-015K,2026-08-13T12:00:00+00:00,-63.0054,17.9849,-63.0401,18.2308,10136.7,6395.5,49.0,1.3,287.3,28.5,249.6,1.21,272.3,63.4,-62.9667,17.7116
B-015K,2026-08-13T18:00:00+00:00,-62.9667,17.7116,-62.9165,17.558,10136.7,6395.5,49.0,0.95,125.7,18.7,85.2,0.95,110.7,71.9,-63.0224,17.8822
B-015K,2026-08-14T00:00:00+00:00,-63.0224,17.8822,-63.0276,18.2165,10136.7,6395.5,49.0,1.68,271.9,35.7,284.5,1.34,256.9,21.1,-63.0167,17.5107
B-015K,2026-08-14T06:00:00+00:00,-63.0167,17.5107,-63.0414,17.3082,10136.7,6395.5,49.0,1.06,75.0,37.3,85.1,0.74,60.0,57.2,-62.9893,17.7358
B-015K,2026-08-14T12:00:00+00:00,-62.9893,17.7358,-62.9432,17.5686,10136.7,6395.5,49.0,0.99,121.3,31.8,115.5,0.84,106.3,76.7,-63.0406,17.9217
B-015K,2026-08-14T18:00:00+00:00,-63.0406,17.9217,-63.1665,17.9478,10136.7,6395.5,49.0,1.4,354.6,36.6,313.9,1.0,339.6,26.1,-62.9007,17.8927
B-015K,2026-08-15T00:00:00+00:00,-62.9007,17.8927,-62.9027,18.0183,10136.7,6395.5,49.0,0.64,272.1,31.4,231.4,0.43,257.1,81.2,-62.8984,17.7532
B-015K,2026-08-15T06:00:00+00:00,-62.8984,17.7532,-62.8621,17.871,10136.7,6395.5,49.0,0.72,236.0,30.5,239.0,0.33,221.0,38.0,-62.9386,17.6223
B-015K,2026-08-15T12:00:00+00:00,-62.9386,17.6223,-62.9002,17.6894,10136.7,6395.5,49.0,0.54,218.5,34.0,184.1,0.28,203.5,79.3,-62.9813,17.5478
B-015K,2026-08-15T18:00:00+00:00,-62.9813,17.5478,-63.0294,17.502,10136.7,6395.5,49.0,0.58,23.4,25.3,357.2,0.32,8.4,52.5,-62.9279,17.5986
B-015K,2026-08-16T00:00:00+00:00,-62.9279,17.5986,-62.9626,17.4389,10136.7,6395.5,49.0,0.89,64.5,26.3,41.5,0.76,49.5,67.6,-62.8893,17.7761
B-015K,2026-08-16T06:00:00+00:00,-62.8893,17.7761,-62.8755,17.534,10136.7,6395.5,49.0,1.23,97.1,11.5,56.7,1.41,82.1,82.4,-62.9045,18.0451
B-015K,2026-08-16T12:00:00+00:00,-62.9045,18.0451,-62.8986,18.1496,10136.7,6395.5,49.0,0.53,262.9,20.3,271.0,0.4,247.9,70.1,-62.9112,17.929
B-015K,2026-08-16T18:00:00+00:00,-62.9112,17.929,-62.9757,17.8369,10136.7,6395.5,49.0,0.85,33.0,28.2,41.7,0.74,18.0,79.4,-62.8395,18.0312
B-015K,2026-08-17T00:00:00+00:00,-62.8395,18.0312,-62.8153,18.0689,10136.7,6395.5,49.0,0.33,215.5,9.3,222.3,0.24,200.5,42.3,-62.8663,17.9894
B-015K,2026-08-17T06:00:00+00:00,-62.8663,17.9894,-62.7837,18.0227,10136.7,6395.5,49.0,0.93,190.4,30.3,190.5,0.81,175.4,80.2,-62.958,17.9524
B-015K,2026-08-17T12:00:00+00:00,-62.958,17.9524,-62.9813,17.7783,10136.7,6395.5,49.0,0.92,73.6,30.4,77.1,0.61,58.6,44.7,-62.9322,18.1459
B-015K,2026-08-17T18:00:00+00:00,-62.9322,18.1459,-62.9736,18.0957,10136.7,6395.5,49.0,0.53,28.9,14.3,4.8,0.45,13.9,63.2,-62.8861,18.2016
B-015K,2026-08-18T00:00:00+00:00,-62.8861,18.2016,-62.8447,18.277,10136.7,6395.5,49.0,0.6,219.7,17.0,187.6,0.41,204.7,31.4,-62.9322,18.1179
B-015K,2026-08-18T06:00:00+00:00,-62.9322,18.1179,-63.0117,18.065,10136.7,6395.5,49.0,0.92,16.9,10.7,8.2,0.98,1.9,54.1,-62.8438,18.1768
B-015K,2026-08-18T12:00:00+00:00,-62.8438,18.1768,-62.9305,18.3726,10136.7,6395.5,49.0,1.38,314.1,35.7,309.5,1.01,299.1,28.8,-62.7474,17.9593
B-015K,2026-08-18T18:00:00+00:00,-62.7474,17.9593,-62.6956,17.9385,10136.7,6395.5,49.0,0.58,169.6,25.9,135.2,0.22,154.6,32.6,-62.805,17.9823
B-015K,2026-08-19T00:00:00+00:00,-62.805,17.9823,-62.8858,17.9641,10136.7,6395.5,49.0,0.9,5.9,33.4,358.0,0.69,350.9,71.4,-62.7152,18.0025
B-015K,2026-08-19T06:00:00+00:00,-62.7152,18.0025,-62.7426,18.0856,10136.7,6395.5,49.0,0.52,305.8,32.3,265.0,0.2,290.8,66.5,-62.6847,17.9103
B-015K,2026-08-19T12:00:00+00:00,-62.6847,17.9103,-62.5904,17.7626,10136.7,6395.5,49.0,1.29,144.3,25.1,124.3,1.29,129.3,73.5,-62.7894,18.0743
B-015K,2026-08-19T18:00:00+00:00,-62.7894,18.0743,-62.8148,17.8528,10136.7,6395.5,49.0,1.16,75.9,31.3,82.4,0.84,60.9,32.4,-62.7611,18.3203
B-015K,2026-08-20T00:00:00+00:00,-62.7611,18.3203,-62.668,18.4201,10136.7,6395.5,49.0,1.15,206.1,36.1,197.9,0.96,191.1,69.6,-62.8646,18.2095
B-015K,2026-08-20T06:00:00+00:00,-62.8646,18.2095,-62.886,18.314,10136.7,6395.5,49.0,0.58,294.2,11.9,304.7,0.56,279.2,68.3,-62.8408,18.0933
B-015K,2026-08-20T12:00:00+00:00,-62.8408,18.0933,-62.9043,17.9809,10136.7,6395.5,49.0,0.91,38.9,12.7,50.7,0.87,23.9,28.0,-62.7702,18.2181
B-015K,2026-08-20T18:00:00+00:00,-62.7702,18.2181,-62.6623,18.1943,10136.7,6395.5,49.0,1.2,174.2,26.4,172.6,0.98,159.2,30.8,-62.8902,18.2446
B-015K,2026-08-21T00:00:00+00:00,-62.8902,18.2446,-62.7867,18.1117,10136.7,6395.5,49.0,1.33,149.6,26.6,159.5,1.21,134.6,47.7,-63.0051,18.3924
B-015K,2026-08-21T06:00:00+00:00,-63.0051,18.3924,-62.9483,18.4034,10136.7,6395.5,49.0,0.63,185.0,25.7,148.4,0.38,170.0,54.5,-63.0683,18.3801
B-015K,2026-08-21T12:00:00+00:00,-63.0683,18.3801,-63.0842,18.1646,10136.7,6395.5,49.0,1.1,80.7,36.4,38.5,0.65,65.7,30.3,-63.0505,18.6196
B-015K,2026-08-21T18:00:00+00:00,-63.0505,18.6196,-63.0383,18.7165,10136.7,6395.5,49.0,0.51,254.5,34.4,227.4,0.21,239.5,76.3,-63.0641,18.5119
B-015K,2026-08-22T00:00:00+00:00,-63.0641,18.5119,-63.0851,18.4873,10136.7,6395.5,49.0,0.26,27.9,9.0,21.1,0.22,12.9,78.8,-63.0407,18.5392
B-015K,2026-08-22T06:00:00+00:00,-63.0407,18.5392,-62.9288,18.7139,10136.7,6395.5,49.0,1.52,215.3,36.7,203.2,1.28,200.3,47.5,-63.1651,18.345
B-015K,2026-08-22T12:00:00+00:00,-63.1651,18.345,-63.13,18.5092,10136.7,6395.5,49.0,0.91,244.7,31.6,224.2,0.72,229.7,70.6,-63.2041,18.1627
B-015K,2026-08-22T18:00:00+00:00,-63.2041,18.1627,-63.1027,18.0015,10136.7,6395.5,49.0,1.38,144.4,18.4,102.6,1.38,129.4,36.3,-63.3167,18.3418
B-015K,2026-08-23T00:00:00+00:00,-63.3167,18.3418,-63.3863,18.0508,10136.7,6395.5,49.0,1.64,62.0,33.2,49.3,1.33,47.0,20.2,-63.2394,18.665
B-015K,2026-08-23T06:00:00+00:00,-63.2394,18.665,-63.2633,18.5937,10136.7,6395.5,49.0,0.44,53.4,9.3,21.4,0.37,38.4,28.0,-63.2129,18.7444
B-015K,2026-08-23T12:00:00+00:00,-63.2129,18.7444,-63.267,18.9528,10136.7,6395.5,49.0,1.2,299.9,14.2,290.2,1.23,284.9,34.9,-63.1528,18.5128
B-015K,2026-08-23T18:00:00+00:00,-63.1528,18.5128,-63.098,18.2371,10136.7,6395.5,49.0,1.51,113.8,21.5,99.4,1.52,98.8,47.5,-63.2137,18.8191
B-015K,2026-08-24T00:00:00+00:00,-63.2137,18.8191,-63.2438,18.7751,10136.7,6395.5,49.0,0.4,33.3,9.3,4.7,0.34,18.3,43.8,-63.1802,18.868
B-015K,2026-08-24T06:00:00+00:00,-63.1802,18.868,-63.0744,18.9767,10136.7,6395.5,49.0,1.29,204.9,11.2,213.4,1.42,189.9,42.3,-63.2977,18.7472
B-015K,2026-08-24T12:00:00+00:00,-63.2977,18.7472,-63.3593,18.6326,10136.7,6395.5,49.0,0.89,39.9,9.8,30.4,0.91,24.9,26.6,-63.2293,18.8746
B-015K,2026-08-24T18:00:00+00:00,-63.2293,18.8746,-63.2574,18.9842,10136.7,6395.5,49.0,0.63,299.7,9.6,256.5,0.66,284.7,72.8,-63.198,18.7527
B-015K,2026-08-25T00:00:00+00:00,-63.198,18.7527,-63.3318,18.7335,10136.7,6395.5,49.0,1.49,3.7,16.6,349.2,1.54,348.7,33.0,-63.0494,18.7741
B-015K,2026-08-25T06:00:00+00:00,-63.0494,18.7741,-63.1016,18.715,10136.7,6395.5,49.0,0.65,27.2,20.0,41.1,0.48,12.2,48.3,-62.9913,18.8398
B-015K,2026-08-25T12:00:00+00:00,-62.9913,18.8398,-63.0703,18.9797,10136.7,6395.5,49.0,1.13,321.2,18.5,309.4,1.15,306.2,65.7,-62.9036,18.6844
B-015K,2026-08-25T18:00:00+00:00,-62.9036,18.6844,-62.8379,18.7293,10136.7,6395.5,49.0,0.76,197.3,25.9,178.6,0.49,182.3,41.7,-62.9765,18.6345
B-015K,2026-08-26T00:00:00+00:00,-62.9765,18.6345,-63.0727,18.8806,10136.7,6395.5,49.0,1.64,310.7,38.0,289.3,1.29,295.7,30.2,-62.8695,18.3612
B-015K,2026-08-26T06:00:00+00:00,-62.8695,18.3612,-63.0014,18.2931,10136.7,6395.5,49.0,1.5,13.2,32.3,337.9,1.49,358.2,77.8,-62.723,18.4368
B-015K,2026-08-26T12:00:00+00:00,-62.723,18.4368,-62.7814,18.3204,10136.7,6395.5,49.0,0.88,42.5,21.1,53.6,0.69,27.5,35.6,-62.6582,18.5662
B-015K,2026-08-26T18:00:00+00:00,-62.6582,18.5662,-62.6725,18.6304,10136.7,6395.5,49.0,0.36,295.8,12.1,307.3,0.23,280.8,37.3,-62.6424,18.4948
B-015K,2026-08-27T00:00:00+00:00,-62.6424,18.4948,-62.7169,18.2284,10136.7,6395.5,49.0,1.59,58.7,20.4,36.1,1.55,43.7,21.6,-62.5596,18.7908
B-015K,2026-08-27T06:00:00+00:00,-62.5596,18.7908,-62.5995,18.662,10136.7,6395.5,49.0,0.79,56.1,10.0,41.9,0.83,41.1,50.4,-62.5152,18.9339
B-015K,2026-08-27T12:00:00+00:00,-62.5152,18.9339,-62.6497,18.8601,10136.7,6395.5,49.0,1.54,14.2,35.4,13.4,1.25,359.2,35.3,-62.3657,19.0159
B-015K,2026-08-27T18:00:00+00:00,-62.3657,19.0159,-62.2636,19.1849,10136.7,6395.5,49.0,1.43,217.5,31.0,198.7,1.35,202.5,65.5,-62.4792,18.8282
B-015K,2026-08-28T00:00:00+00:00,-62.4792,18.8282,-62.4519,19.0426,10136.7,6395.5,49.0,1.14,254.6,29.2,250.7,1.0,239.6,63.4,-62.5095,18.5899
B-015K,2026-08-28T06:00:00+00:00,-62.5095,18.5899,-62.4833,18.4645,10136.7,6395.5,49.0,0.71,114.3,29.2,114.0,0.44,99.3,59.6,-62.5386,18.7293
B-015K,2026-08-28T12:00:00+00:00,-62.5386,18.7293,-62.4843,18.8861,10136.7,6395.5,49.0,1.0,233.1,9.1,212.3,1.11,218.1,52.3,-62.5988,18.555
B-015K,2026-08-28T18:00:00+00:00,-62.5988,18.555,-62.6511,18.7822,10136.7,6395.5,49.0,1.3,296.6,35.4,282.0,0.94,281.6,34.5,-62.5407,18.3026
B-015K,2026-08-29T00:00:00+00:00,-62.5407,18.3026,-62.4744,18.2474,10136.7,6395.5,49.0,0.79,159.0,10.0,166.8,0.81,144.0,46.9,-62.6144,18.364
B-015K,2026-08-29T06:00:00+00:00,-62.6144,18.364,-62.6436,18.4412,10136.7,6395.5,49.0,0.51,309.5,26.1,270.0,0.34,294.5,82.1,-62.5819,18.2782
B-015K,2026-08-29T12:00:00+00:00,-62.5819,18.2782,-62.4589,18.319,10136.7,6395.5,49.0,1.38,188.7,12.5,174.6,1.53,173.7,57.1,-62.7186,18.2329
B-015K,2026-08-29T18:00:00+00:00,-62.7186,18.2329,-62.7917,18.4206,10136.7,6395.5,49.0,1.25,310.3,15.4,299.1,1.27,295.3,33.7,-62.6374,18.0243
B-015K,2026-08-30T00:00:00+00:00,-62.6374,18.0243,-62.5323,18.0559,10136.7,6395.5,49.0,1.18,187.9,28.7,185.5,1.03,172.9,57.0,-62.7541,17.9891
B-015K,2026-08-30T06:00:00+00:00,-62.7541,17.9891,-62.661,18.101,10136.7,6395.5,49.0,1.18,208.8,11.4,219.8,1.33,193.8,73.5,-62.8577,17.8647
B-015K,2026-08-30T12:00:00+00:00,-62.8577,17.8647,-62.9808,17.8629,10136.7,6395.5,49.0,1.37,0.4,15.9,318.0,1.39,345.4,29.1,-62.7209,17.8666
B-015K,2026-08-30T18:00:00+00:00,-62.7209,17.8666,-62.7605,17.7304,10136.7,6395.5,49.0,0.82,57.6,14.4,18.4,0.85,42.6,74.9,-62.6768,18.018
C-028,2026-08-01T00:00:00+00:00,-70.9431,-21.8721,-70.9472,-21.6775,29483.7,17637.9,206.3,0.71,273.7,26.9,237.8,0.56,258.7,78.6,-70.9385,-22.0884
C-028,2026-08-01T06:00:00+00:00,-70.9385,-22.0884,-70.986,-22.0821,29483.7,17637.9,206.3,0.53,357.5,24.4,350.4,0.32,342.5,65.6,-70.8857,-22.0953
C-028,2026-08-01T12:00:00+00:00,-70.8857,-22.0953,-70.8239,-21.8766,29483.7,17637.9,206.3,1.05,229.2,26.5,184.7,0.91,214.2,58.0,-70.9543,-22.3384
C-028,2026-08-01T18:00:00+00:00,-70.9543,-22.3384,-71.0238,-22.2378,29483.7,17637.9,206.3,0.85,334.7,35.0,323.1,0.32,319.7,21.5,-70.877,-22.4501
C-028,2026-08-02T00:00:00+00:00,-70.877,-22.4501,-70.7689,-22.4288,29483.7,17637.9,206.3,1.2,183.7,33.1,181.3,1.02,168.7,63.0,-70.997,-22.4738
C-028,2026-08-02T06:00:00+00:00,-70.997,-22.4738,-71.0194,-22.4006,29483.7,17637.9,206.3,0.36,313.1,8.9,295.3,0.3,298.1,45.9,-70.9722,-22.5552
C-028,2026-08-02T12:00:00+00:00,-70.9722,-22.5552,-70.9287,-22.5439,29483.7,17637.9,206.3,0.48,184.9,15.8,192.6,0.43,169.9,81.5,-71.0205,-22.5678
C-028,2026-08-02T18:00:00+00:00,-71.0205,-22.5678,-70.9051,-22.525,29483.7,17637.9,206.3,1.29,186.9,34.5,187.9,1.23,171.9,83.9,-71.1487,-22.6155
C-028,2026-08-03T00:00:00+00:00,-71.1487,-22.6155,-71.0034,-22.8555,29483.7,17637.9,206.3,1.83,151.9,37.2,134.6,1.51,136.9,24.0,-71.3103,-22.3487
C-028,2026-08-03T06:00:00+00:00,-71.3103,-22.3487,-71.2479,-22.283,29483.7,17637.9,206.3,0.73,198.6,8.8,194.4,0.79,183.6,63.3,-71.3795,-22.4216
C-028,2026-08-03T12:00:00+00:00,-71.3795,-22.4216,-71.3882,-22.6616,29483.7,17637.9,206.3,0.86,83.5,32.9,64.7,0.46,68.5,39.5,-71.3699,-22.155
C-028,2026-08-03T18:00:00+00:00,-71.3699,-22.155,-71.446,-21.9275,29483.7,17637.9,206.3,1.17,316.3,20.1,275.3,1.14,301.3,53.2,-71.2854,-22.4077
C-028,2026-08-04T00:00:00+00:00,-71.2854,-22.4077,-71.3068,-22.2146,29483.7,17637.9,206.3,0.73,289.1,23.0,294.2,0.58,274.1,63.6,-71.2616,-22.6223
C-028,2026-08-04T06:00:00+00:00,-71.2616,-22.6223,-71.1862,-22.4767,29483.7,17637.9,206.3,0.98,211.8,24.8,181.7,0.85,196.8,57.6,-71.3453,-22.784
C-028,2026-08-04T12:00:00+00:00,-71.3453,-22.784,-71.4592,-22.7716,29483.7,17637.9,206.3,1.26,358.0,38.0,334.9,0.87,343.0,37.4,-71.2188,-22.7978
C-028,2026-08-04T18:00:00+00:00,-71.2188,-22.7978,-71.1847,-22.9683,29483.7,17637.9,206.3,0.72,121.8,25.7,82.6,0.37,106.8,25.7,-71.2567,-22.6084
C-028,2026-08-05T00:00:00+00:00,-71.2567,-22.6084,-71.3059,-22.8287,29483.7,17637.9,206.3,0.96,55.2,25.4,40.5,0.8,40.2,55.9,-71.2019,-22.3635
C-028,2026-08-05T06:00:00+00:00,-71.2019,-22.3635,-71.1145,-22.2132,29483.7,17637.9,206.3,1.11,209.0,15.4,175.5,1.14,194.0,56.0,-71.299,-22.5306
C-028,2026-08-05T12:00:00+00:00,-71.299,-22.5306,-71.3243,-22.3343,29483.7,17637.9,206.3,0.75,292.0,14.7,260.2,0.7,277.0,49.9,-71.2708,-22.7486
C-028,2026-08-05T18:00:00+00:00,-71.2708,-22.7486,-71.3304,-22.408,29483.7,17637.9,206.3,1.38,298.6,31.9,289.7,1.14,283.6,39.0,-71.2044,-23.1271
C-028,2026-08-06T00:00:00+00:00,-71.2044,-23.1271,-71.1728,-22.9492,29483.7,17637.9,206.3,0.73,241.1,9.4,217.7,0.79,226.1,74.3,-71.2396,-23.3247
C-028,2026-08-06T06:00:00+00:00,-71.2396,-23.3247,-71.1809,-23.0327,29483.7,17637.9,206.3,1.23,238.0,19.3,196.8,1.21,223.0,47.9,-71.3049,-23.6492
C-028,2026-08-06T12:00:00+00:00,-71.3049,-23.6492,-71.2541,-23.6042,29483.7,17637.9,206.3,0.59,195.8,16.0,184.2,0.41,180.8,29.9,-71.3612,-23.6991
C-028,2026-08-06T18:00:00+00:00,-71.3612,-23.6991,-71.3106,-23.6993,29483.7,17637.9,206.3,0.56,179.9,18.1,138.9,0.42,164.9,57.7,-71.4175,-23.6989
C-028,2026-08-07T00:00:00+00:00,-71.4175,-23.6989,-71.3893,-23.5115,29483.7,17637.9,206.3,0.73,244.7,15.3,226.9,0.59,229.7,20.0,-71.4489,-23.9072
C-028,2026-08-07T06:00:00+00:00,-71.4489,-23.9072,-71.5843,-23.8059,29483.7,17637.9,206.3,1.55,346.6,37.0,345.7,1.29,331.6,46.0,-71.2984,-24.0198
C-028,2026-08-07T12:00:00+00:00,-71.2984,-24.0198,-71.296,-24.149,29483.7,17637.9,206.3,0.46,93.2,28.9,82.1,0.26,78.2,84.0,-71.301,-23.8764
C-028,2026-08-07T18:00:00+00:00,-71.301,-23.8764,-71.3449,-24.277,29483.7,17637.9,206.3,1.51,71.1,19.9,54.5,1.58,56.1,59.1,-71.2521,-23.4313
C-028,2026-08-08T00:00:00+00:00,-71.2521,-23.4313,-71.3657,-23.4207,29483.7,17637.9,206.3,1.26,358.3,10.0,7.9,1.37,343.3,24.8,-71.126,-23.443
C-028,2026-08-08T06:00:00+00:00,-71.126,-23.443,-71.1388,-23.9259,29483.7,17637.9,206.3,1.74,85.3,38.0,40.7,1.45,70.3,36.1,-71.1118,-22.9063
C-028,2026-08-08T12:00:00+00:00,-71.1118,-22.9063,-71.2149,-22.8511,29483.7,17637.9,206.3,1.16,350.2,27.8,355.4,1.1,335.2,73.3,-70.9972,-22.9677
C-028,2026-08-08T18:00:00+00:00,-70.9972,-22.9677,-70.945,-23.0255,29483.7,17637.9,206.3,0.62,160.2,14.1,146.7,0.53,145.2,46.5,-71.0552,-22.9035
C-028,2026-08-09T00:00:00+00:00,-71.0552,-22.9035,-71.0403,-23.0505,29483.7,17637.9,206.3,0.56,107.3,8.0,67.2,0.55,92.3,40.9,-71.0717,-22.74
C-028,2026-08-09T06:00:00+00:00,-71.0717,-22.74,-70.96,-22.7931,29483.7,17637.9,206.3,1.25,171.2,23.3,144.2,1.29,156.2,79.2,-71.1957,-22.6811
C-028,2026-08-09T12:00:00+00:00,-71.1957,-22.6811,-71.3114,-22.6745,29483.7,17637.9,206.3,1.28,358.9,18.8,344.2,1.25,343.9,37.0,-71.0672,-22.6884
C-028,2026-08-09T18:00:00+00:00,-71.0672,-22.6884,-70.9625,-22.621,29483.7,17637.9,206.3,1.19,191.8,26.5,154.4,1.11,176.8,65.3,-71.1836,-22.7633
C-028,2026-08-10T00:00:00+00:00,-71.1836,-22.7633,-71.241,-22.61,29483.7,17637.9,206.3,0.84,319.3,16.2,283.6,0.78,304.3,50.6,-71.1198,-22.9336
C-028,2026-08-10T06:00:00+00:00,-71.1198,-22.9336,-71.2151,-22.6027,29483.7,17637.9,206.3,1.59,311.7,30.2,322.8,1.5,296.7,53.5,-71.0138,-23.3014
C-028,2026-08-10T12:00:00+00:00,-71.0138,-23.3014,-70.9417,-23.0196,29483.7,17637.9,206.3,1.29,231.8,29.0,214.0,1.0,216.8,22.7,-71.0938,-23.6145
C-028,2026-08-10T18:00:00+00:00,-71.0938,-23.6145,-71.1274,-23.5679,29483.7,17637.9,206.3,0.41,335.8,24.2,326.7,0.2,320.8,74.2,-71.0566,-23.6663
C-028,2026-08-11T00:00:00+00:00,-71.0566,-23.6663,-71.0354,-23.8725,29483.7,17637.9,206.3,0.78,107.6,12.4,97.7,0.82,92.6,75.1,-71.0801,-23.4371
C-028,2026-08-11T06:00:00+00:00,-71.0801,-23.4371,-71.0933,-23.6218,29483.7,17637.9,206.3,0.68,77.6,11.1,81.5,0.66,62.6,45.6,-71.0655,-23.2319
C-028,2026-08-11T12:00:00+00:00,-71.0655,-23.2319,-71.0264,-23.4392,29483.7,17637.9,206.3,0.86,120.2,19.3,95.4,0.79,105.2,60.1,-71.109,-23.0015
C-028,2026-08-11T18:00:00+00:00,-71.109,-23.0015,-71.1255,-22.6553,29483.7,17637.9,206.3,1.26,278.4,35.5,251.6,1.01,263.4,55.7,-71.0907,-23.3861
C-028,2026-08-12T00:00:00+00:00,-71.0907,-23.3861,-71.0144,-23.257,29483.7,17637.9,206.3,0.97,208.7,17.3,182.4,0.99,193.7,76.3,-71.1754,-23.5295
C-028,2026-08-12T06:00:00+00:00,-71.1754,-23.5295,-71.1162,-23.1352,29483.7,17637.9,206.3,1.56,245.0,17.8,211.8,1.57,230.0,23.2,-71.2413,-23.9675
C-028,2026-08-12T12:00:00+00:00,-71.2413,-23.9675,-71.3024,-24.1533,29483.7,17637.9,206.3,0.95,44.4,11.7,48.5,1.04,29.4,74.9,-71.1734,-23.7612
C-028,2026-08-12T18:00:00+00:00,-71.1734,-23.7612,-71.2252,-23.8904,29483.7,17637.9,206.3,0.74,38.8,31.4,358.1,0.54,23.8,77.8,-71.1158,-23.6176
C-028,2026-08-13T00:00:00+00:00,-71.1158,-23.6176,-71.1606,-23.7898,29483.7,17637.9,206.3,0.79,51.2,9.3,40.8,0.86,36.2,67.3,-71.0659,-23.4262
C-028,2026-08-13T06:00:00+00:00,-71.0659,-23.4262,-71.0002,-23.1585,29483.7,17637.9,206.3,1.21,232.9,14.8,214.6,1.25,217.9,45.7,-71.139,-23.7236
C-028,2026-08-13T12:00:00+00:00,-71.139,-23.7236,-71.0821,-24.1312,29483.7,17637.9,206.3,1.59,113.3,20.6,89.5,1.57,98.3,26.5,-71.2021,-23.2707
C-028,2026-08-13T18:00:00+00:00,-71.2021,-23.2707,-71.1354,-23.559,29483.7,17637.9,206.3,1.27,125.7,25.4,118.0,1.04,110.7,20.5,-71.2763,-22.9504
C-028,2026-08-14T00:00:00+00:00,-71.2763,-22.9504,-71.2757,-22.6894,29483.7,17637.9,206.3,0.93,269.6,8.7,236.2,1.0,254.6,39.4,-71.2769,-23.2404
C-028,2026-08-14T06:00:00+00:00,-71.2769,-23.2404,-71.2458,-23.3549,29483.7,17637.9,206.3,0.53,130.3,37.1,90.1,0.27,115.3,84.9,-71.3116,-23.1132
C-028,2026-08-14T12:00:00+00:00,-71.3116,-23.1132,-71.2146,-23.4124,29483.7,17637.9,206.3,1.51,135.3,28.5,98.6,1.46,120.3,59.9,-71.4193,-22.7807
C-028,2026-08-14T18:00:00+00:00,-71.4193,-22.7807,-71.347,-22.8682,29483.7,17637.9,206.3,0.86,158.9,20.9,147.8,0.66,143.9,30.5,-71.4996,-22.6835
C-028,2026-08-15T00:00:00+00:00,-71.4996,-22.6835,-71.5823,-22.74,29483.7,17637.9,206.3,0.94,12.2,32.6,335.3,0.64,357.2,51.9,-71.4077,-22.6209
C-028,2026-08-15T06:00:00+00:00,-71.4077,-22.6209,-71.3763,-22.5738,29483.7,17637.9,206.3,0.39,205.5,21.3,193.5,0.24,190.5,81.9,-71.4426,-22.6731
C-028,2026-08-15T12:00:00+00:00,-71.4426,-22.6731,-71.51,-22.6831,29483.7,17637.9,206.3,0.75,2.7,31.0,347.3,0.47,347.7,59.6,-71.3676,-22.662
C-028,2026-08-15T18:00:00+00:00,-71.3676,-22.662,-71.3722,-23.0348,29483.7,17637.9,206.3,1.32,87.8,20.8,87.3,1.3,72.8,46.3,-71.3625,-22.2477
C-028,2026-08-16T00:00:00+00:00,-71.3625,-22.2477,-71.3835,-22.5652,29483.7,17637.9,206.3,1.15,78.3,19.4,47.1,1.09,63.3,41.9,-71.3392,-21.895
C-028,2026-08-16T06:00:00+00:00,-71.3392,-21.895,-71.3887,-22.1658,29483.7,17637.9,206.3,1.11,60.2,16.7,39.0,1.09,45.2,42.6,-71.2842,-21.5942
C-028,2026-08-16T12:00:00+00:00,-71.2842,-21.5942,-71.4205,-21.6988,29483.7,17637.9,206.3,1.56,13.8,35.8,3.3,1.5,358.8,75.6,-71.1327,-21.4781
C-028,2026-08-16T18:00:00+00:00,-71.1327,-21.4781,-71.1363,-21.6219,29483.7,17637.9,206.3,0.52,85.5,11.6,54.8,0.45,70.5,49.4,-71.1286,-21.3183
C-028,2026-08-17T00:00:00+00:00,-71.1286,-21.3183,-70.9945,-21.3484,29483.7,17637.9,206.3,1.49,175.8,36.9,172.2,1.12,160.8,28.7,-71.2776,-21.2848
C-028,2026-08-17T06:00:00+00:00,-71.2776,-21.2848,-71.3171,-21.3154,29483.7,17637.9,206.3,0.45,14.0,17.5,24.2,0.24,359.0,38.3,-71.2338,-21.2508
C-028,2026-08-17T12:00:00+00:00,-71.2338,-21.2508,-71.2835,-21.6609,29483.7,17637.9,206.3,1.57,69.3,37.5,33.2,1.48,54.3,73.0,-71.1785,-20.7951
C-028,2026-08-17T18:00:00+00:00,-71.1785,-20.7951,-71.2691,-20.6425,29483.7,17637.9,206.3,1.14,331.5,15.5,286.9,1.1,316.5,20.4,-71.0778,-20.9647
C-028,2026-08-18T00:00:00+00:00,-71.0778,-20.9647,-71.0334,-20.8738,29483.7,17637.9,206.3,0.59,213.6,35.1,193.3,0.35,198.6,83.8,-71.1271,-21.0657
C-028,2026-08-18T06:00:00+00:00,-71.1271,-21.0657,-71.0231,-21.095,29483.7,17637.9,206.3,1.16,174.8,22.4,178.0,0.98,159.8,25.1,-71.2427,-21.0331
C-028,2026-08-18T12:00:00+00:00,-71.2427,-21.0331,-71.3151,-21.0273,29483.7,17637.9,206.3,0.8,358.5,25.3,317.7,0.7,343.5,78.3,-71.1623,-21.0395
C-028,2026-08-18T18:00:00+00:00,-71.1623,-21.0395,-71.1255,-21.1937,29483.7,17637.9,206.3,0.69,126.4,35.9,98.4,0.39,111.4,71.5,-71.2032,-20.8681
C-028,2026-08-19T00:00:00+00:00,-71.2032,-20.8681,-71.126,-20.6389,29483.7,17637.9,206.3,1.19,223.7,33.6,229.9,0.79,208.7,27.2,-71.2889,-21.1228
C-028,2026-08-19T06:00:00+00:00,-71.2889,-21.1228,-71.2779,-21.2781,29483.7,17637.9,206.3,0.57,102.5,12.9,73.4,0.55,87.5,77.5,-71.3012,-20.9502
C-028,2026-08-19T12:00:00+00:00,-71.3012,-20.9502,-71.2006,-20.9305,29483.7,17637.9,206.3,1.12,183.6,18.3,154.8,1.18,168.6,76.3,-71.4131,-20.9722
C-028,2026-08-19T18:00:00+00:00,-71.4131,-20.9722,-71.3342,-20.8812,29483.7,17637.9,206.3,0.93,200.2,24.0,166.0,0.69,185.2,31.0,-71.5007,-21.0732
C-028,2026-08-20T00:00:00+00:00,-71.5007,-21.0732,-71.5645,-20.975,29483.7,17637.9,206.3,0.79,334.0,37.5,341.3,0.44,319.0,63.7,-71.4299,-21.1823
C-028,2026-08-20T06:00:00+00:00,-71.4299,-21.1823,-71.4378,-21.4141,29483.7,17637.9,206.3,0.82,83.9,28.8,83.7,0.65,68.9,71.8,-71.4212,-20.9248
C-028,2026-08-20T12:00:00+00:00,-71.4212,-20.9248,-71.37,-21.068,29483.7,17637.9,206.3,0.76,138.3,37.4,96.6,0.24,123.3,36.5,-71.478,-20.7657
C-028,2026-08-20T18:00:00+00:00,-71.478,-20.7657,-71.4205,-20.9664,29483.7,17637.9,206.3,0.95,132.1,27.6,102.7,0.85,117.1,76.5,-71.542,-20.5426
C-028,2026-08-21T00:00:00+00:00,-71.542,-20.5426,-71.5933,-20.6155,29483.7,17637.9,206.3,0.62,24.2,33.4,27.6,0.4,9.2,80.8,-71.4849,-20.4615
C-028,2026-08-21T06:00:00+00:00,-71.4849,-20.4615,-71.4118,-20.7025,29483.7,17637.9,206.3,1.17,133.7,37.5,102.8,0.95,118.7,67.5,-71.5661,-20.1938
C-028,2026-08-21T12:00:00+00:00,-71.5661,-20.1938,-71.6733,-20.3336,29483.7,17637.9,206.3,1.29,22.4,22.7,338.4,1.23,7.4,49.3,-71.4471,-20.0383
C-028,2026-08-21T18:00:00+00:00,-71.4471,-20.0383,-71.3763,-20.0848,29483.7,17637.9,206.3,0.8,168.2,35.0,143.3,0.49,153.2,61.9,-71.5257,-19.9867
C-028,2026-08-22T00:00:00+00:00,-71.5257,-19.9867,-71.5575,-20.1375,29483.7,17637.9,206.3,0.64,56.4,28.4,59.9,0.44,41.4,74.1,-71.4904,-19.8191
C-028,2026-08-22T06:00:00+00:00,-71.4904,-19.8191,-71.5247,-19.43,29483.7,17637.9,206.3,1.42,285.5,24.2,246.6,1.35,270.5,43.0,-71.4524,-20.2515
C-028,2026-08-22T12:00:00+00:00,-71.4524,-20.2515,-71.3495,-20.2261,29483.7,17637.9,206.3,1.15,184.5,8.4,195.4,1.32,169.5,71.0,-71.5667,-20.2797
C-028,2026-08-22T18:00:00+00:00,-71.5667,-20.2797,-71.6426,-20.1146,29483.7,17637.9,206.3,1.02,325.5,36.9,297.6,0.56,310.5,32.6,-71.4823,-20.463
C-028,2026-08-23T00:00:00+00:00,-71.4823,-20.463,-71.6177,-20.4813,29483.7,17637.9,206.3,1.5,2.5,19.6,358.0,1.57,347.5,55.4,-71.332,-20.4427
C-028,2026-08-23T06:00:00+00:00,-71.332,-20.4427,-71.3036,-20.9031,29483.7,17637.9,206.3,1.67,100.9,32.9,96.0,1.45,85.9,34.9,-71.3635,-19.9311
C-028,2026-08-23T12:00:00+00:00,-71.3635,-19.9311,-71.4599,-20.1832,29483.7,17637.9,206.3,1.39,39.9,17.2,12.9,1.49,24.9,61.2,-71.2564,-19.651
C-028,2026-08-23T18:00:00+00:00,-71.2564,-19.651,-71.3494,-19.8638,29483.7,17637.9,206.3,1.28,36.3,11.1,24.9,1.42,21.3,52.8,-71.153,-19.4146
C-028,2026-08-24T00:00:00+00:00,-71.153,-19.4146,-71.1856,-19.6702,29483.7,17637.9,206.3,0.99,68.4,23.4,24.1,0.79,53.4,38.1,-71.1168,-19.1306
C-028,2026-08-24T06:00:00+00:00,-71.1168,-19.1306,-71.0817,-18.9277,29483.7,17637.9,206.3,0.83,241.9,15.6,241.2,0.7,226.9,23.5,-71.1557,-19.3561
C-028,2026-08-24T12:00:00+00:00,-71.1557,-19.3561,-71.2584,-19.1014,29483.7,17637.9,206.3,1.46,321.3,24.0,295.0,1.43,306.3,50.9,-71.0415,-19.6392
C-028,2026-08-24T18:00:00+00:00,-71.0415,-19.6392,-70.9325,-19.8061,29483.7,17637.9,206.3,1.35,153.6,26.6,162.1,1.3,138.6,61.7,-71.1627,-19.4537
C-028,2026-08-25T00:00:00+00:00,-71.1627,-19.4537,-71.2658,-19.2836,29483.7,17637.9,206.3,1.3,332.0,27.5,327.7,1.22,317.0,61.8,-71.0481,-19.6428
C-028,2026-08-25T06:00:00+00:00,-71.0481,-19.6428,-70.9367,-19.4532,29483.7,17637.9,206.3,1.41,208.9,11.7,193.2,1.54,193.9,36.6,-71.1718,-19.8534
C-028,2026-08-25T12:00:00+00:00,-71.1718,-19.8534,-71.0821,-19.9617,29483.7,17637.9,206.3,1.07,158.7,24.2,139.0,1.07,143.7,84.2,-71.2715,-19.7331
C-028,2026-08-25T18:00:00+00:00,-71.2715,-19.7331,-71.3556,-19.4252,29483.7,17637.9,206.3,1.44,310.4,23.8,279.5,1.44,295.4,58.9,-71.1781,-20.0752
C-028,2026-08-26T00:00:00+00:00,-71.1781,-20.0752,-71.251,-20.166,29483.7,17637.9,206.3,0.87,21.9,17.2,354.7,0.87,6.9,74.4,-71.0971,-19.9744
C-028,2026-08-26T06:00:00+00:00,-71.0971,-19.9744,-71.1501,-19.718,29483.7,17637.9,206.3,1.09,302.5,11.1,302.3,1.15,287.5,35.1,-71.0382,-20.2592
C-028,2026-08-26T12:00:00+00:00,-71.0382,-20.2592,-71.1567,-20.0288,29483.7,17637.9,206.3,1.56,327.7,32.3,310.3,1.58,312.7,82.6,-70.9067,-20.5153
C-028,2026-08-26T18:00:00+00:00,-70.9067,-20.5153,-70.9368,-20.6766,29483.7,17637.9,206.3,0.67,60.2,29.3,63.0,0.39,45.2,56.2,-70.8731,-20.336
C-028,2026-08-27T00:00:00+00:00,-70.8731,-20.336,-70.7965,-20.416,29483.7,17637.9,206.3,0.9,161.1,14.8,161.8,0.93,146.1,71.5,-70.9583,-20.2472
C-028,2026-08-27T06:00:00+00:00,-70.9583,-20.2472,-71.0098,-20.5058,29483.7,17637.9,206.3,1.1,58.6,12.5,40.6,1.1,43.6,22.0,-70.901,-19.9599
C-028,2026-08-27T12:00:00+00:00,-70.901,-19.9599,-70.9912,-20.3419,29483.7,17637.9,206.3,1.71,54.2,35.6,56.6,1.43,39.2,31.2,-70.8007,-19.5354
C-028,2026-08-27T18:00:00+00:00,-70.8007,-19.5354,-70.9328,-19.4726,29483.7,17637.9,206.3,1.48,351.1,34.0,332.7,1.2,336.1,33.8,-70.6539,-19.6052
C-028,2026-08-28T00:00:00+00:00,-70.6539,-19.6052,-70.6968,-19.6332,29483.7,17637.9,206.3,0.49,12.2,12.4,16.1,0.36,357.2,31.4,-70.6063,-19.574
C-028,2026-08-28T06:00:00+00:00,-70.6063,-19.574,-70.6693,-19.7088,29483.7,17637.9,206.3,0.86,35.4,8.1,22.7,0.93,20.4,44.7,-70.5363,-19.4243
C-028,2026-08-28T12:00:00+00:00,-70.5363,-19.4243,-70.628,-19.5932,29483.7,17637.9,206.3,1.19,31.5,9.4,10.7,1.38,16.5,76.4,-70.4344,-19.2366
C-028,2026-08-28T18:00:00+00:00,-70.4344,-19.2366,-70.3633,-18.9227,29483.7,17637.9,206.3,1.41,235.9,35.6,243.6,1.2,220.9,55.6,-70.5134,-19.5854
C-028,2026-08-29T00:00:00+00:00,-70.5134,-19.5854,-70.5665,-19.8478,29483.7,17637.9,206.3,1.14,58.7,32.5,68.2,0.74,43.7,24.0,-70.4544,-19.2939
C-028,2026-08-29T06:00:00+00:00,-70.4544,-19.2939,-70.5254,-19.1578,29483.7,17637.9,206.3,0.94,327.3,29.7,323.2,0.61,312.3,35.9,-70.3754,-19.4451
C-028,2026-08-29T12:00:00+00:00,-70.3754,-19.4451,-70.3152,-19.0705,29483.7,17637.9,206.3,1.55,244.4,36.3,212.3,1.26,229.4,38.0,-70.4423,-19.8614
C-028,2026-08-29T18:00:00+00:00,-70.4423,-19.8614,-70.4408,-19.5287,29483.7,17637.9,206.3,1.24,269.2,31.5,275.9,0.97,254.2,40.5,-70.444,-20.2311
C-028,2026-08-30T00:00:00+00:00,-70.444,-20.2311,-70.5162,-20.3064,29483.7,17637.9,206.3,0.85,19.3,20.3,353.7,0.64,4.3,26.3,-70.3638,-20.1474
C-028,2026-08-30T06:00:00+00:00,-70.3638,-20.1474,-70.3775,-19.7846,29483.7,17637.9,206.3,1.36,276.4,8.1,264.0,1.59,261.4,68.9,-70.3486,-20.5505
C-028,2026-08-30T12:00:00+00:00,-70.3486,-20.5505,-70.4915,-20.5728,29483.7,17637.9,206.3,1.59,3.0,35.5,1.3,1.34,348.0,41.4,-70.1897,-20.5257
C-028,2026-08-30T18:00:00+00:00,-70.1897,-20.5257,-70.0924,-20.755,29483.7,17637.9,206.3,1.38,141.4,30.3,136.5,1.37,126.4,78.7,-70.2978,-20.271
D-033,2026-08-01T00:00:00+00:00,-71.5392,-19.5507,-71.5955,-19.4604,31422.0,16244.5,98.9,0.7,333.1,10.2,325.8,0.75,318.1,76.4,-71.4767,-19.651
D-033,2026-08-01T06:00:00+00:00,-71.4767,-19.651,-71.5307,-19.2872,31422.0,16244.5,98.9,1.42,295.0,29.3,253.5,1.45,280.0,84.1,-71.4168,-20.0553
D-033,2026-08-01T12:00:00+00:00,-71.4168,-20.0553,-71.3631,-20.0854,31422.0,16244.5,98.9,0.61,169.9,8.0,160.9,0.65,154.9,73.2,-71.4764,-20.0218
D-033,2026-08-01T18:00:00+00:00,-71.4764,-20.0218,-71.4878,-20.3827,31422.0,16244.5,98.9,1.28,84.3,35.5,96.8,1.07,69.3,60.0,-71.4637,-19.6208
D-033,2026-08-02T00:00:00+00:00,-71.4637,-19.6208,-71.4124,-19.5184,31422.0,16244.5,98.9,0.67,212.4,19.0,202.2,0.47,197.4,33.1,-71.5207,-19.7346
D-033,2026-08-02T06:00:00+00:00,-71.5207,-19.7346,-71.4136,-19.8927,31422.0,16244.5,98.9,1.31,154.9,24.6,136.1,1.22,139.9,46.3,-71.6398,-19.5589
D-033,2026-08-02T12:00:00+00:00,-71.6398,-19.5589,-71.6012,-19.5932,31422.0,16244.5,98.9,0.44,164.3,19.7,165.3,0.22,149.3,48.2,-71.6826,-19.5207
D-033,2026-08-02T18:00:00+00:00,-71.6826,-19.5207,-71.7659,-19.4055,31422.0,16244.5,98.9,1.01,336.5,24.7,323.2,0.99,321.5,84.7,-71.59,-19.6487
D-033,2026-08-03T00:00:00+00:00,-71.59,-19.6487,-71.4782,-19.6391,31422.0,16244.5,98.9,1.24,181.6,27.8,174.7,1.06,166.6,44.1,-71.7141,-19.6593
D-033,2026-08-03T06:00:00+00:00,-71.7141,-19.6593,-71.7669,-19.8966,31422.0,16244.5,98.9,1.01,54.7,25.7,65.0,0.83,39.7,49.5,-71.6555,-19.3957
D-033,2026-08-03T12:00:00+00:00,-71.6555,-19.3957,-71.6179,-19.219,31422.0,16244.5,98.9,0.75,235.9,19.3,249.6,0.53,220.9,25.7,-71.6974,-19.592
D-033,2026-08-03T18:00:00+00:00,-71.6974,-19.592,-71.6855,-19.1763,31422.0,16244.5,98.9,1.46,264.8,20.9,252.6,1.58,249.8,82.6,-71.7105,-20.054
D-033,2026-08-04T00:00:00+00:00,-71.7105,-20.054,-71.5935,-19.8467,31422.0,16244.5,98.9,1.49,209.1,23.7,201.3,1.42,194.1,39.7,-71.8404,-20.2842
D-033,2026-08-04T06:00:00+00:00,-71.8404,-20.2842,-71.9421,-20.2357,31422.0,16244.5,98.9,1.14,351.5,10.4,307.7,1.27,336.5,57.2,-71.7275,-20.3381
D-033,2026-08-04T12:00:00+00:00,-71.7275,-20.3381,-71.8585,-20.2288,31422.0,16244.5,98.9,1.5,345.3,36.0,338.7,1.3,330.3,53.2,-71.5819,-20.4595
D-033,2026-08-04T18:00:00+00:00,-71.5819,-20.4595,-71.6662,-20.725,31422.0,16244.5,98.9,1.32,44.8,37.1,42.4,0.88,29.8,25.9,-71.4882,-20.1646
D-033,2026-08-05T00:00:00+00:00,-71.4882,-20.1646,-71.3902,-20.2087,31422.0,16244.5,98.9,1.1,171.9,30.4,175.8,0.74,156.9,24.9,-71.5972,-20.1156
D-033,2026-08-05T06:00:00+00:00,-71.5972,-20.1156,-71.6186,-19.7557,31422.0,16244.5,98.9,1.28,280.7,24.3,287.0,1.1,265.7,26.0,-71.5734,-20.5156
D-033,2026-08-05T12:00:00+00:00,-71.5734,-20.5156,-71.5149,-20.6403,31422.0,16244.5,98.9,0.78,146.0,29.4,145.0,0.39,131.0,30.6,-71.6383,-20.377
D-033,2026-08-05T18:00:00+00:00,-71.6383,-20.377,-71.538,-20.4842,31422.0,16244.5,98.9,1.17,161.4,26.1,171.9,0.92,146.4,23.5,-71.7496,-20.2579
D-033,2026-08-06T00:00:00+00:00,-71.7496,-20.2579,-71.8755,-20.4601,31422.0,16244.5,98.9,1.56,26.7,29.2,358.5,1.44,11.7,43.8,-71.6098,-20.0332
D-033,2026-08-06T06:00:00+00:00,-71.6098,-20.0332,-71.6608,-20.3611,31422.0,16244.5,98.9,1.28,63.7,35.5,37.9,0.97,48.7,44.2,-71.5531,-19.6688
D-033,2026-08-06T12:00:00+00:00,-71.5531,-19.6688,-71.6465,-19.851,31422.0,16244.5,98.9,1.22,31.7,33.0,16.3,0.81,16.7,20.2,-71.4493,-19.4663
D-033,2026-08-06T18:00:00+00:00,-71.4493,-19.4663,-71.5195,-19.8533,31422.0,16244.5,98.9,1.57,60.3,25.3,45.5,1.42,45.3,20.0,-71.3713,-19.0364
D-033,2026-08-07T00:00:00+00:00,-71.3713,-19.0364,-71.4258,-19.0383,31422.0,16244.5,98.9,0.61,0.6,25.2,337.7,0.27,345.6,34.3,-71.3107,-19.0342
D-033,2026-08-07T06:00:00+00:00,-71.3107,-19.0342,-71.2802,-19.2777,31422.0,16244.5,98.9,0.93,111.4,29.1,123.2,0.59,96.4,31.2,-71.3446,-18.7637
D-033,2026-08-07T12:00:00+00:00,-71.3446,-18.7637,-71.2302,-19.0163,31422.0,16244.5,98.9,1.55,144.8,32.8,100.2,1.41,129.8,52.7,-71.4716,-18.4831
D-033,2026-08-07T18:00:00+00:00,-71.4716,-18.4831,-71.4403,-18.0158,31422.0,16244.5,98.9,1.68,258.1,35.6,220.0,1.44,243.1,38.2,-71.5064,-19.0023
D-033,2026-08-08T00:00:00+00:00,-71.5064,-19.0023,-71.431,-18.8389,31422.0,16244.5,98.9,1.02,214.5,9.8,174.8,1.11,199.5,53.6,-71.5902,-19.1839
D-033,2026-08-08T06:00:00+00:00,-71.5902,-19.1839,-71.5967,-19.4051,31422.0,16244.5,98.9,0.78,84.7,12.8,94.3,0.83,69.7,84.6,-71.5829,-18.9381
D-033,2026-08-08T12:00:00+00:00,-71.5829,-18.9381,-71.6571,-19.0229,31422.0,16244.5,98.9,0.88,19.8,10.2,339.0,0.96,4.8,70.2,-71.5005,-18.8439
D-033,2026-08-08T18:00:00+00:00,-71.5005,-18.8439,-71.5433,-19.1373,31422.0,16244.5,98.9,1.14,65.3,8.2,23.7,1.3,50.3,61.7,-71.4529,-18.518
D-033,2026-08-09T00:00:00+00:00,-71.4529,-18.518,-71.5178,-18.629,31422.0,16244.5,98.9,0.82,28.5,30.6,21.2,0.36,13.5,20.1,-71.3808,-18.3946
D-033,2026-08-09T06:00:00+00:00,-71.3808,-18.3946,-71.2865,-18.2182,31422.0,16244.5,98.9,1.22,210.8,13.3,167.0,1.33,195.8,62.7,-71.4856,-18.5906
D-033,2026-08-09T12:00:00+00:00,-71.4856,-18.5906,-71.3978,-18.8106,31422.0,16244.5,98.9,1.24,141.5,17.4,153.9,1.25,126.5,43.6,-71.5831,-18.3462
D-033,2026-08-09T18:00:00+00:00,-71.5831,-18.3462,-71.691,-18.2524,31422.0,16244.5,98.9,1.24,344.6,36.4,310.4,0.82,329.6,28.9,-71.4633,-18.4504
D-033,2026-08-10T00:00:00+00:00,-71.4633,-18.4504,-71.3583,-18.4095,31422.0,16244.5,98.9,1.17,187.1,9.3,166.5,1.33,172.1,64.2,-71.5798,-18.4959
D-033,2026-08-10T06:00:00+00:00,-71.5798,-18.4959,-71.4798,-18.3205,31422.0,16244.5,98.9,1.27,209.0,8.1,174.2,1.47,194.0,62.5,-71.691,-18.6909
D-033,2026-08-10T12:00:00+00:00,-71.691,-18.6909,-71.6439,-18.482,31422.0,16244.5,98.9,0.9,234.3,34.3,206.6,0.64,219.3,65.4,-71.7434,-18.923
D-033,2026-08-10T18:00:00+00:00,-71.7434,-18.923,-71.7024,-18.586,31422.0,16244.5,98.9,1.26,248.8,14.8,232.5,1.32,233.8,46.9,-71.7888,-19.2975
D-033,2026-08-11T00:00:00+00:00,-71.7888,-19.2975,-71.8056,-19.7035,31422.0,16244.5,98.9,1.42,82.5,24.7,76.8,1.4,67.5,58.7,-71.7702,-18.8464
D-033,2026-08-11T06:00:00+00:00,-71.7702,-18.8464,-71.7245,-18.7777,31422.0,16244.5,98.9,0.56,205.2,16.4,170.0,0.36,190.2,25.7,-71.821,-18.9227
D-033,2026-08-11T12:00:00+00:00,-71.821,-18.9227,-71.9005,-18.5328,31422.0,16244.5,98.9,1.61,303.2,26.7,259.5,1.5,288.2,33.1,-71.7326,-19.3559
D-033,2026-08-11T18:00:00+00:00,-71.7326,-19.3559,-71.6955,-19.2373,31422.0,16244.5,98.9,0.58,225.1,17.3,193.8,0.5,210.1,70.3,-71.7738,-19.4877
D-033,2026-08-12T00:00:00+00:00,-71.7738,-19.4877,-71.7393,-19.5486,31422.0,16244.5,98.9,0.44,151.1,9.1,119.6,0.42,136.1,63.2,-71.8121,-19.4201
D-033,2026-08-12T06:00:00+00:00,-71.8121,-19.4201,-71.8249,-19.2673,31422.0,16244.5,98.9,0.55,285.0,20.1,246.5,0.3,270.0,33.9,-71.7979,-19.59
D-033,2026-08-12T12:00:00+00:00,-71.7979,-19.59,-71.8197,-19.3303,31422.0,16244.5,98.9,0.93,285.0,34.4,284.6,0.7,270.0,69.7,-71.7738,-19.8785
D-033,2026-08-12T18:00:00+00:00,-71.7738,-19.8785,-71.6696,-20.2524,31422.0,16244.5,98.9,1.74,131.7,32.7,121.5,1.49,116.7,23.9,-71.8895,-19.4631
D-033,2026-08-13T00:00:00+00:00,-71.8895,-19.4631,-71.9816,-19.5837,31422.0,16244.5,98.9,1.1,22.2,33.9,352.4,0.81,7.2,49.1,-71.7873,-19.329
D-033,2026-08-13T06:00:00+00:00,-71.7873,-19.329,-71.8105,-19.7087,31422.0,16244.5,98.9,1.34,78.9,25.6,78.9,1.2,63.9,39.5,-71.7615,-18.9072
D-033,2026-08-13T12:00:00+00:00,-71.7615,-18.9072,-71.7892,-19.1049,31422.0,16244.5,98.9,0.75,65.9,24.3,70.3,0.63,50.9,72.0,-71.7307,-18.6876
D-033,2026-08-13T18:00:00+00:00,-71.7307,-18.6876,-71.8368,-18.9375,31422.0,16244.5,98.9,1.46,36.4,19.5,353.3,1.47,21.4,39.4,-71.6128,-18.4098
D-033,2026-08-14T00:00:00+00:00,-71.6128,-18.4098,-71.5323,-18.398,31422.0,16244.5,98.9,0.89,182.7,35.5,194.5,0.66,167.7,73.1,-71.7023,-18.423
D-033,2026-08-14T06:00:00+00:00,-71.7023,-18.423,-71.6946,-18.1033,31422.0,16244.5,98.9,1.12,265.6,35.8,253.7,0.75,250.6,41.8,-71.7108,-18.7782
D-033,2026-08-14T12:00:00+00:00,-71.7108,-18.7782,-71.7515,-18.7891,31422.0,16244.5,98.9,0.45,4.8,10.4,345.9,0.42,349.8,67.4,-71.6656,-18.7661
D-033,2026-08-14T18:00:00+00:00,-71.6656,-18.7661,-71.7403,-19.0637,31422.0,16244.5,98.9,1.33,51.4,8.3,12.2,1.51,36.4,41.1,-71.5825,-18.4354
D-033,2026-08-15T00:00:00+00:00,-71.5825,-18.4354,-71.5381,-18.3439,31422.0,16244.5,98.9,0.59,213.1,9.3,226.4,0.63,198.1,84.4,-71.6318,-18.5371
D-033,2026-08-15T06:00:00+00:00,-71.6318,-18.5371,-71.5542,-18.8425,31422.0,16244.5,98.9,1.37,128.9,11.1,84.1,1.53,113.9,50.1,-71.7181,-18.1977
D-033,2026-08-15T12:00:00+00:00,-71.7181,-18.1977,-71.6126,-18.2825,31422.0,16244.5,98.9,1.21,165.8,23.2,139.6,1.04,150.8,29.3,-71.8352,-18.1035
D-033,2026-08-15T18:00:00+00:00,-71.8352,-18.1035,-71.8221,-17.8104,31422.0,16244.5,98.9,1.02,261.8,32.2,253.5,0.82,246.8,64.6,-71.8498,-18.4292
D-033,2026-08-16T00:00:00+00:00,-71.8498,-18.4292,-71.8275,-18.2277,31422.0,16244.5,98.9,0.74,250.4,13.3,228.2,0.77,235.4,79.8,-71.8746,-18.6532
D-033,2026-08-16T06:00:00+00:00,-71.8746,-18.6532,-71.9326,-18.6948,31422.0,16244.5,98.9,0.66,12.6,17.5,331.2,0.58,357.6,64.4,-71.8101,-18.6069
D-033,2026-08-16T12:00:00+00:00,-71.8101,-18.6069,-71.8943,-18.3591,31422.0,16244.5,98.9,1.27,317.4,37.9,321.5,1.13,302.4,78.6,-71.7167,-18.8822
D-033,2026-08-16T18:00:00+00:00,-71.7167,-18.8822,-71.8155,-18.9195,31422.0,16244.5,98.9,1.1,6.8,31.5,324.0,0.7,351.8,20.7,-71.6069,-18.8407
D-033,2026-08-17T00:00:00+00:00,-71.6069,-18.8407,-71.5878,-18.4353,31422.0,16244.5,98.9,1.44,261.5,33.8,273.4,1.18,246.5,40.8,-71.6282,-19.2912
D-033,2026-08-17T06:00:00+00:00,-71.6282,-19.2912,-71.7579,-19.2187,31422.0,16244.5,98.9,1.46,350.0,18.1,310.6,1.5,335.0,42.6,-71.4841,-19.3718
D-033,2026-08-17T12:00:00+00:00,-71.4841,-19.3718,-71.4639,-19.0588,31422.0,16244.5,98.9,1.13,258.5,31.9,247.1,1.02,243.5,77.9,-71.5065,-19.7196
D-033,2026-08-17T18:00:00+00:00,-71.5065,-19.7196,-71.4618,-19.6876,31422.0,16244.5,98.9,0.51,192.8,18.2,157.7,0.26,177.8,26.5,-71.5562,-19.7551
D-033,2026-08-18T00:00:00+00:00,-71.5562,-19.7551,-71.5567,-19.9444,31422.0,16244.5,98.9,0.66,89.6,21.3,68.9,0.38,74.6,23.2,-71.5557,-19.5449
D-033,2026-08-18T06:00:00+00:00,-71.5557,-19.5449,-71.5912,-19.2554,31422.0,16244.5,98.9,1.09,291.2,18.6,267.5,1.14,276.2,79.4,-71.5163,-19.8666
D-033,2026-08-18T12:00:00+00:00,-71.5163,-19.8666,-71.5703,-19.8127,31422.0,16244.5,98.9,0.63,342.5,28.0,298.5,0.27,327.5,38.7,-71.4562,-19.9264
D-033,2026-08-18T18:00:00+00:00,-71.4562,-19.9264,-71.4326,-20.1827,31422.0,16244.5,98.9,0.94,106.1,28.3,77.8,0.63,91.1,33.2,-71.4824,-19.6417
D-033,2026-08-19T00:00:00+00:00,-71.4824,-19.6417,-71.5609,-19.8162,31422.0,16244.5,98.9,1.07,35.2,34.9,42.7,0.59,20.2,22.0,-71.3952,-19.4477
D-033,2026-08-19T06:00:00+00:00,-71.3952,-19.4477,-71.4432,-19.7063,31422.0,16244.5,98.9,1.06,59.8,14.4,16.4,1.06,44.8,38.5,-71.3417,-19.1605
D-033,2026-08-19T12:00:00+00:00,-71.3417,-19.1605,-71.3282,-19.44,31422.0,16244.5,98.9,1.0,98.6,10.2,108.0,1.06,83.6,34.4,-71.3567,-18.85
D-033,2026-08-19T18:00:00+00:00,-71.3567,-18.85,-71.4296,-18.6006,31422.0,16244.5,98.9,1.2,312.4,27.6,317.0,1.06,297.4,55.5,-71.2758,-19.127
D-033,2026-08-20T00:00:00+00:00,-71.2758,-19.127,-71.3331,-18.7636,31422.0,16244.5,98.9,1.44,296.2,18.4,270.0,1.47,281.2,42.1,-71.212,-19.5308
D-033,2026-08-20T06:00:00+00:00,-71.212,-19.5308,-71.1873,-19.5768,31422.0,16244.5,98.9,0.32,149.1,9.4,139.7,0.25,134.1,51.6,-71.2395,-19.4797
D-033,2026-08-20T12:00:00+00:00,-71.2395,-19.4797,-71.2818,-19.5381,31422.0,16244.5,98.9,0.51,24.0,36.2,4.7,0.23,9.0,81.3,-71.1926,-19.4148
D-033,2026-08-20T18:00:00+00:00,-71.1926,-19.4148,-71.134,-19.3288,31422.0,16244.5,98.9,0.72,205.3,35.3,197.1,0.3,190.3,48.6,-71.2577,-19.5103
D-033,2026-08-21T00:00:00+00:00,-71.2577,-19.5103,-71.3587,-19.2899,31422.0,16244.5,98.9,1.37,325.0,15.9,280.2,1.45,310.0,52.6,-71.1455,-19.7553
D-033,2026-08-21T06:00:00+00:00,-71.1455,-19.7553,-71.2511,-20.0621,31422.0,16244.5,98.9,1.61,43.2,28.8,45.1,1.45,28.2,32.6,-71.0281,-19.4145
D-033,2026-08-21T12:00:00+00:00,-71.0281,-19.4145,-70.9245,-19.5656,31422.0,16244.5,98.9,1.27,154.6,33.4,110.4,1.18,139.6,76.0,-71.1432,-19.2466
D-033,2026-08-21T18:00:00+00:00,-71.1432,-19.2466,-71.0755,-19.2765,31422.0,16244.5,98.9,0.76,171.9,8.6,141.3,0.84,156.9,75.0,-71.2185,-19.2133
D-033,2026-08-22T00:00:00+00:00,-71.2185,-19.2133,-71.2764,-19.2411,31422.0,16244.5,98.9,0.65,8.8,18.0,2.9,0.42,353.8,20.7,-71.1541,-19.1824
D-033,2026-08-22T06:00:00+00:00,-71.1541,-19.1824,-71.227,-19.1326,31422.0,16244.5,98.9,0.83,347.5,22.8,354.7,0.64,332.5,45.4,-71.0731,-19.2379
D-033,2026-08-22T12:00:00+00:00,-71.0731,-19.2379,-71.0155,-19.2214,31422.0,16244.5,98.9,0.64,185.3,16.6,165.4,0.56,170.3,60.8,-71.1372,-19.2562
D-033,2026-08-22T18:00:00+00:00,-71.1372,-19.2562,-71.0171,-19.0886,31422.0,16244.5,98.9,1.46,204.3,27.8,206.2,1.29,189.3,34.4,-71.2706,-19.4424
D-033,2026-08-23T00:00:00+00:00,-71.2706,-19.4424,-71.2849,-19.5452,31422.0,16244.5,98.9,0.4,66.5,17.9,34.3,0.22,51.5,57.1,-71.2547,-19.3283
D-033,2026-08-23T06:00:00+00:00,-71.2547,-19.3283,-71.3406,-18.9984,31422.0,16244.5,98.9,1.51,309.0,27.3,321.2,1.37,294.0,35.9,-71.1592,-19.6949
D-033,2026-08-23T12:00:00+00:00,-71.1592,-19.6949,-71.2663,-19.6665,31422.0,16244.5,98.9,1.19,355.1,27.1,345.3,0.98,340.1,36.5,-71.0402,-19.7264
D-033,2026-08-23T18:00:00+00:00,-71.0402,-19.7264,-71.0708,-19.6656,31422.0,16244.5,98.9,0.4,327.1,8.4,319.1,0.36,312.1,48.9,-71.0062,-19.794
D-033,2026-08-24T00:00:00+00:00,-71.0062,-19.794,-70.997,-19.6228,31422.0,16244.5,98.9,0.63,260.6,31.8,221.9,0.21,245.6,41.7,-71.0164,-19.9842
D-033,2026-08-24T06:00:00+00:00,-71.0164,-19.9842,-71.1059,-20.0129,31422.0,16244.5,98.9,1.0,5.9,37.3,328.4,0.67,350.9,56.6,-70.917,-19.9524
D-033,2026-08-24T12:00:00+00:00,-70.917,-19.9524,-70.8412,-19.7935,31422.0,16244.5,98.9,1.02,214.4,31.7,195.5,0.65,199.4,32.1,-71.0012,-20.1291
D-033,2026-08-24T18:00:00+00:00,-71.0012,-20.1291,-70.9994,-19.7953,31422.0,16244.5,98.9,1.21,269.0,13.1,265.3,1.28,254.0,45.7,-71.0033,-20.4999
D-033,2026-08-25T00:00:00+00:00,-71.0033,-20.4999,-71.075,-20.4056,31422.0,16244.5,98.9,0.86,336.8,14.9,303.5,0.79,321.8,31.6,-70.9238,-20.6048
D-033,2026-08-25T06:00:00+00:00,-70.9238,-20.6048,-70.9065,-20.3901,31422.0,16244.5,98.9,0.8,256.1,8.3,249.9,0.84,241.1,32.1,-70.943,-20.8434
D-033,2026-08-25T12:00:00+00:00,-70.943,-20.8434,-71.062,-20.9809,31422.0,16244.5,98.9,1.41,20.7,15.7,354.0,1.45,5.7,28.2,-70.8108,-20.6905
D-033,2026-08-25T18:00:00+00:00,-70.8108,-20.6905,-70.8439,-21.1171,31422.0,16244.5,98.9,1.6,76.7,35.2,41.2,1.32,61.7,34.7,-70.7741,-20.2165
D-033,2026-08-26T00:00:00+00:00,-70.7741,-20.2165,-70.8415,-20.331,31422.0,16244.5,98.9,0.86,29.2,30.6,2.2,0.46,14.2,30.9,-70.6993,-20.0893
D-033,2026-08-26T06:00:00+00:00,-70.6993,-20.0893,-70.607,-19.9413,31422.0,16244.5,98.9,1.16,207.9,27.4,218.9,1.12,192.9,78.9,-70.8018,-20.2538
D-033,2026-08-26T12:00:00+00:00,-70.8018,-20.2538,-70.8578,-20.5389,31422.0,16244.5,98.9,1.21,59.1,23.7,44.8,1.0,44.1,20.3,-70.7396,-19.937
D-033,2026-08-26T18:00:00+00:00,-70.7396,-19.937,-70.7831,-20.0006,31422.0,16244.5,98.9,0.54,25.7,19.0,34.0,0.35,10.7,48.4,-70.6912,-19.8663
D-033,2026-08-27T00:00:00+00:00,-70.6912,-19.8663,-70.6136,-20.0103,31422.0,16244.5,98.9,1.01,148.5,24.1,119.6,0.97,133.5,77.2,-70.7774,-19.7063
D-033,2026-08-27T06:00:00+00:00,-70.7774,-19.7063,-70.6459,-19.836,31422.0,16244.5,98.9,1.53,162.0,25.1,167.0,1.56,147.0,64.9,-70.9234,-19.5622
D-033,2026-08-27T12:00:00+00:00,-70.9234,-19.5622,-70.8389,-19.3738,31422.0,16244.5,98.9,1.16,216.1,19.5,186.0,1.19,201.1,70.3,-71.0174,-19.7714
D-033,2026-08-27T18:00:00+00:00,-71.0174,-19.7714,-70.901,-19.646,31422.0,16244.5,98.9,1.37,199.3,35.5,172.4,1.27,184.3,75.8,-71.1467,-19.9108
D-033,2026-08-28T00:00:00+00:00,-71.1467,-19.9108,-71.2288,-19.8509,31422.0,16244.5,98.9,0.94,346.7,10.0,352.5,1.05,331.7,79.1,-71.0554,-19.9773
D-033,2026-08-28T06:00:00+00:00,-71.0554,-19.9773,-71.0888,-20.2191,31422.0,16244.5,98.9,0.95,67.0,22.4,62.1,0.91,52.0,77.3,-71.0183,-19.7085
D-033,2026-08-28T12:00:00+00:00,-71.0183,-19.7085,-70.9226,-19.3585,31422.0,16244.5,98.9,1.65,229.9,34.0,236.6,1.59,214.9,67.0,-71.1247,-20.0975
D-033,2026-08-28T18:00:00+00:00,-71.1247,-20.0975,-71.1867,-20.0917,31422.0,16244.5,98.9,0.69,358.3,22.3,0.4,0.45,343.3,39.1,-71.0558,-20.1039
D-033,2026-08-29T00:00:00+00:00,-71.0558,-20.1039,-71.1586,-19.896,31422.0,16244.5,98.9,1.36,326.7,11.8,333.6,1.57,311.7,81.5,-70.9416,-20.335
D-033,2026-08-29T06:00:00+00:00,-70.9416,-20.335,-70.9542,-20.4921,31422.0,16244.5,98.9,0.59,76.2,9.8,31.9,0.59,61.2,62.6,-70.9276,-20.1605
D-033,2026-08-29T12:00:00+00:00,-70.9276,-20.1605,-71.0739,-20.1817,31422.0,16244.5,98.9,1.63,2.7,29.9,332.8,1.4,347.7,24.3,-70.7651,-20.137
D-033,2026-08-29T18:00:00+00:00,-70.7651,-20.137,-70.8731,-20.2067,31422.0,16244.5,98.9,1.23,12.0,37.2,344.4,1.01,357.0,65.6,-70.6451,-20.0596
D-033,2026-08-30T00:00:00+00:00,-70.6451,-20.0596,-70.6194,-19.7101,31422.0,16244.5,98.9,1.32,257.5,28.2,264.9,1.23,242.5,61.2,-70.6736,-20.448
D-033,2026-08-30T06:00:00+00:00,-70.6736,-20.448,-70.6659,-20.8098,31422.0,16244.5,98.9,1.33,93.7,37.4,99.7,1.2,78.7,75.4,-70.6821,-20.046
D-033,2026-08-30T12:00:00+00:00,-70.6821,-20.046,-70.6227,-19.9847,31422.0,16244.5,98.9,0.7,198.8,11.9,158.0,0.7,183.8,65.2,-70.7482,-20.114
D-033,2026-08-30T18:00:00+00:00,-70.7482,-20.114,-70.7037,-20.1302,31422.0,16244.5,98.9,0.5,173.2,11.1,134.3,0.47,158.2,69.4,-70.7975,-20.0961
A-076,2026-08-01T00:00:00+00:00,-66.9666,-21.1175,-66.9935,-21.1457,31055.9,16215.7,133.9,0.32,22.3,8.1,354.4,0.28,7.3,58.7,-66.9367,-21.0862
A-076,2026-08-01T06:00:00+00:00,-66.9367,-21.0862,-66.8386,-21.1428,31055.9,16215.7,133.9,1.12,167.3,36.0,158.4,0.84,152.3,58.0,-67.0458,-21.0232
A-076,2026-08-01T12:00:00+00:00,-67.0458,-21.0232,-67.0113,-21.317,31055.9,16215.7,133.9,1.33,106.8,26.3,80.7,1.28,91.8,62.4,-67.0841,-20.6969
A-076,2026-08-01T18:00:00+00:00,-67.0841,-20.6969,-67.1301,-20.963,31055.9,16215.7,133.9,1.26,66.1,37.7,32.3,1.16,51.1,83.6,-67.033,-20.4012
A-076,2026-08-02T00:00:00+00:00,-67.033,-20.4012,-67.0235,-20.6824,31055.9,16215.7,133.9,1.22,94.9,10.2,107.5,1.41,79.9,81.4,-67.0435,-20.0887
A-076,2026-08-02T06:00:00+00:00,-67.0435,-20.0887,-67.1116,-20.1729,31055.9,16215.7,133.9,0.84,25.7,25.5,344.1,0.51,10.7,21.9,-66.9678,-19.9952
A-076,2026-08-02T12:00:00+00:00,-66.9678,-19.9952,-67.0519,-19.9537,31055.9,16215.7,133.9,0.95,349.1,15.4,347.5,0.96,334.1,60.3,-66.8743,-20.0412
A-076,2026-08-02T18:00:00+00:00,-66.8743,-20.0412,-66.8734,-20.1404,31055.9,16215.7,133.9,0.43,91.4,19.8,54.3,0.31,76.4,81.0,-66.8754,-19.931
A-076,2026-08-03T00:00:00+00:00,-66.8754,-19.931,-66.9122,-19.9551,31055.9,16215.7,133.9,0.42,14.4,20.6,5.0,0.28,359.4,77.5,-66.8345,-19.9043
A-076,2026-08-03T06:00:00+00:00,-66.8345,-19.9043,-66.7015,-20.0344,31055.9,16215.7,133.9,1.58,159.0,37.1,150.4,1.56,144.0,82.0,-66.9823,-19.7598
A-076,2026-08-03T12:00:00+00:00,-66.9823,-19.7598,-67.0627,-19.8481,31055.9,16215.7,133.9,0.97,23.2,34.3,14.6,0.53,8.2,29.9,-66.893,-19.6616
A-076,2026-08-03T18:00:00+00:00,-66.893,-19.6616,-66.9042,-19.4629,31055.9,16215.7,133.9,0.87,278.1,25.1,289.5,0.71,263.1,57.8,-66.8806,-19.8824
A-076,2026-08-04T00:00:00+00:00,-66.8806,-19.8824,-66.8796,-19.7039,31055.9,16215.7,133.9,0.78,269.1,31.4,282.0,0.62,254.1,82.7,-66.8818,-20.0807
A-076,2026-08-04T06:00:00+00:00,-66.8818,-20.0807,-66.8684,-20.2429,31055.9,16215.7,133.9,0.72,101.9,19.7,70.7,0.63,86.9,66.6,-66.8967,-19.9004
A-076,2026-08-04T12:00:00+00:00,-66.8967,-19.9004,-66.8306,-20.0184,31055.9,16215.7,133.9,0.9,145.0,25.0,123.8,0.62,130.0,30.9,-66.9702,-19.7694
A-076,2026-08-04T18:00:00+00:00,-66.9702,-19.7694,-67.0174,-19.6522,31055.9,16215.7,133.9,0.73,315.8,13.7,304.7,0.74,300.8,74.2,-66.9179,-19.8997
A-076,2026-08-05T00:00:00+00:00,-66.9179,-19.8997,-66.9658,-19.9464,31055.9,16215.7,133.9,0.57,20.9,10.7,348.7,0.56,5.9,63.3,-66.8646,-19.8479
A-076,2026-08-05T06:00:00+00:00,-66.8646,-19.8479,-66.9031,-19.4631,31055.9,16215.7,133.9,1.73,284.3,35.6,266.0,1.52,269.3,40.8,-66.8218,-20.2755
A-076,2026-08-05T12:00:00+00:00,-66.8218,-20.2755,-66.8774,-20.4582,31055.9,16215.7,133.9,1.01,52.3,28.2,36.5,0.92,37.3,77.6,-66.7601,-20.0725
A-076,2026-08-05T18:00:00+00:00,-66.7601,-20.0725,-66.7915,-19.7801,31055.9,16215.7,133.9,1.33,285.2,9.2,264.6,1.53,270.2,64.7,-66.7252,-20.3975
A-076,2026-08-06T00:00:00+00:00,-66.7252,-20.3975,-66.6998,-20.2421,31055.9,16215.7,133.9,0.74,247.6,10.9,224.2,0.77,232.6,67.1,-66.7534,-20.5702
A-076,2026-08-06T06:00:00+00:00,-66.7534,-20.5702,-66.7649,-20.2539,31055.9,16215.7,133.9,1.39,275.3,35.2,256.0,1.12,260.3,44.7,-66.7405,-20.9216
A-076,2026-08-06T12:00:00+00:00,-66.7405,-20.9216,-66.6849,-20.6804,31055.9,16215.7,133.9,1.22,239.7,14.6,201.5,1.33,224.7,66.8,-66.8023,-21.1895
A-076,2026-08-06T18:00:00+00:00,-66.8023,-21.1895,-66.7272,-21.3285,31055.9,16215.7,133.9,1.03,143.9,36.9,101.4,0.85,128.9,77.8,-66.8857,-21.0351
A-076,2026-08-07T00:00:00+00:00,-66.8857,-21.0351,-66.8455,-21.1527,31055.9,16215.7,133.9,0.68,131.0,28.0,131.3,0.53,116.0,81.7,-66.9303,-20.9044
A-076,2026-08-07T06:00:00+00:00,-66.9303,-20.9044,-67.0511,-20.9161,31055.9,16215.7,133.9,1.34,2.2,36.5,12.5,1.17,347.2,65.9,-66.7961,-20.8915
A-076,2026-08-07T12:00:00+00:00,-66.7961,-20.8915,-66.7419,-20.7424,31055.9,16215.7,133.9,0.89,227.3,19.0,240.6,0.9,212.3,83.7,-66.8563,-21.0573
A-076,2026-08-07T18:00:00+00:00,-66.8563,-21.0573,-66.9392,-20.8759,31055.9,16215.7,133.9,1.21,319.3,16.0,310.9,1.29,304.3,64.8,-66.7642,-21.2588
A-076,2026-08-08T00:00:00+00:00,-66.7642,-21.2588,-66.6425,-21.2107,31055.9,16215.7,133.9,1.37,188.9,28.3,179.8,1.31,173.9,66.3,-66.8994,-21.3122
A-076,2026-08-08T06:00:00+00:00,-66.8994,-21.3122,-66.9878,-21.4888,31055.9,16215.7,133.9,1.25,38.1,29.6,356.5,1.21,23.1,79.6,-66.8012,-21.116
A-076,2026-08-08T12:00:00+00:00,-66.8012,-21.116,-66.8174,-21.4492,31055.9,16215.7,133.9,1.47,83.0,18.1,71.8,1.55,68.0,56.7,-66.7832,-20.7458
A-076,2026-08-08T18:00:00+00:00,-66.7832,-20.7458,-66.7304,-20.9289,31055.9,16215.7,133.9,0.99,126.2,37.7,97.5,0.74,111.2,70.5,-66.8419,-20.5422
A-076,2026-08-09T00:00:00+00:00,-66.8419,-20.5422,-66.9166,-20.4319,31055.9,16215.7,133.9,0.96,329.8,19.5,290.5,0.8,314.8,28.2,-66.7589,-20.6649
A-076,2026-08-09T06:00:00+00:00,-66.7589,-20.6649,-66.7351,-20.7377,31055.9,16215.7,133.9,0.41,129.7,13.3,102.8,0.23,114.7,20.5,-66.7854,-20.5839
A-076,2026-08-09T12:00:00+00:00,-66.7854,-20.5839,-66.8791,-20.5129,31055.9,16215.7,133.9,1.08,343.4,18.0,302.0,1.07,328.4,53.0,-66.6814,-20.6628
A-076,2026-08-09T18:00:00+00:00,-66.6814,-20.6628,-66.7237,-20.8503,31055.9,16215.7,133.9,0.95,60.3,32.4,66.7,0.76,45.3,71.1,-66.6343,-20.4546
A-076,2026-08-10T00:00:00+00:00,-66.6343,-20.4546,-66.5716,-20.5493,31055.9,16215.7,133.9,0.81,149.1,19.1,137.3,0.62,134.1,27.3,-66.704,-20.3493
A-076,2026-08-10T06:00:00+00:00,-66.704,-20.3493,-66.8543,-20.3922,31055.9,16215.7,133.9,1.68,6.4,35.7,4.9,1.42,351.4,35.6,-66.537,-20.3016
A-076,2026-08-10T12:00:00+00:00,-66.537,-20.3016,-66.473,-20.217,31055.9,16215.7,133.9,0.8,207.8,31.3,211.9,0.37,192.8,28.0,-66.6081,-20.3955
A-076,2026-08-10T18:00:00+00:00,-66.6081,-20.3955,-66.7197,-20.4969,31055.9,16215.7,133.9,1.32,19.8,32.4,19.0,1.13,4.8,55.4,-66.4841,-20.2828
A-076,2026-08-11T00:00:00+00:00,-66.4841,-20.2828,-66.5057,-20.168,31055.9,16215.7,133.9,0.56,295.3,13.9,285.3,0.42,280.3,27.6,-66.46,-20.4105
A-076,2026-08-11T06:00:00+00:00,-66.46,-20.4105,-66.5332,-20.3866,31055.9,16215.7,133.9,0.82,352.6,31.3,319.0,0.5,337.6,49.4,-66.3788,-20.437
A-076,2026-08-11T12:00:00+00:00,-66.3788,-20.437,-66.3266,-20.2922,31055.9,16215.7,133.9,0.87,228.1,20.4,236.8,0.84,213.1,79.0,-66.4367,-20.5979
A-076,2026-08-11T18:00:00+00:00,-66.4367,-20.5979,-66.5297,-20.7907,31055.9,16215.7,133.9,1.34,39.6,35.1,10.8,1.1,24.6,52.2,-66.3333,-20.3836
A-076,2026-08-12T00:00:00+00:00,-66.3333,-20.3836,-66.2674,-20.4151,31055.9,16215.7,133.9,0.75,169.2,23.9,128.3,0.43,154.2,25.2,-66.4066,-20.3487
A-076,2026-08-12T06:00:00+00:00,-66.4066,-20.3487,-66.2605,-20.3538,31055.9,16215.7,133.9,1.62,179.2,29.9,160.8,1.48,164.2,40.7,-66.569,-20.3431
A-076,2026-08-12T12:00:00+00:00,-66.569,-20.3431,-66.6497,-20.19,31055.9,16215.7,133.9,1.12,323.0,14.3,293.6,1.12,308.0,31.5,-66.4792,-20.5133
A-076,2026-08-12T18:00:00+00:00,-66.4792,-20.5133,-66.3827,-20.5006,31055.9,16215.7,133.9,1.07,183.0,34.7,182.0,0.84,168.0,64.2,-66.5865,-20.5273
A-076,2026-08-13T00:00:00+00:00,-66.5865,-20.5273,-66.5328,-20.5369,31055.9,16215.7,133.9,0.6,175.9,34.7,179.3,0.36,160.9,82.7,-66.6461,-20.5167
A-076,2026-08-13T06:00:00+00:00,-66.6461,-20.5167,-66.771,-20.5312,31055.9,16215.7,133.9,1.39,2.6,34.1,336.2,1.15,347.6,46.7,-66.5074,-20.5005
A-076,2026-08-13T12:00:00+00:00,-66.5074,-20.5005,-66.5378,-20.3971,31055.9,16215.7,133.9,0.57,306.4,18.2,267.1,0.41,291.4,50.1,-66.4736,-20.6154
A-076,2026-08-13T18:00:00+00:00,-66.4736,-20.6154,-66.3773,-20.6837,31055.9,16215.7,133.9,1.11,164.2,12.0,154.8,1.15,149.2,32.7,-66.5806,-20.5395
A-076,2026-08-14T00:00:00+00:00,-66.5806,-20.5395,-66.5612,-20.5884,31055.9,16215.7,133.9,0.3,135.0,8.1,100.3,0.29,120.0,80.1,-66.6022,-20.4852
A-076,2026-08-14T06:00:00+00:00,-66.6022,-20.4852,-66.5559,-20.5833,31055.9,16215.7,133.9,0.67,139.9,26.9,128.6,0.41,124.9,54.9,-66.6536,-20.3762
A-076,2026-08-14T12:00:00+00:00,-66.6536,-20.3762,-66.7074,-20.3598,31055.9,16215.7,133.9,0.6,353.1,8.7,337.0,0.66,338.1,84.0,-66.5938,-20.3943
A-076,2026-08-14T18:00:00+00:00,-66.5938,-20.3943,-66.666,-20.3862,31055.9,16215.7,133.9,0.8,357.4,9.1,331.5,0.88,342.4,67.4,-66.5136,-20.4034
A-076,2026-08-15T00:00:00+00:00,-66.5136,-20.4034,-66.4969,-20.5874,31055.9,16215.7,133.9,0.83,102.9,10.0,67.1,0.85,87.9,32.7,-66.5322,-20.199
A-076,2026-08-15T06:00:00+00:00,-66.5322,-20.199,-66.5012,-20.0793,31055.9,16215.7,133.9,0.63,236.9,20.8,217.5,0.52,221.9,71.5,-66.5667,-20.332
A-076,2026-08-15T12:00:00+00:00,-66.5667,-20.332,-66.5348,-20.5336,31055.9,16215.7,133.9,0.96,111.7,31.1,78.3,0.76,96.7,65.1,-66.6022,-20.1081
A-076,2026-08-15T18:00:00+00:00,-66.6022,-20.1081,-66.6313,-20.2005,31055.9,16215.7,133.9,0.52,51.5,22.8,59.2,0.25,36.5,44.6,-66.5698,-20.0055
A-076,2026-08-16T00:00:00+00:00,-66.5698,-20.0055,-66.5608,-19.7995,31055.9,16215.7,133.9,0.91,263.8,18.4,255.3,0.93,248.8,78.9,-66.5797,-20.2343
A-076,2026-08-16T06:00:00+00:00,-66.5797,-20.2343,-66.5583,-20.0328,31055.9,16215.7,133.9,0.92,255.0,8.8,232.2,1.01,240.0,51.5,-66.6035,-20.4582
A-076,2026-08-16T12:00:00+00:00,-66.6035,-20.4582,-66.6284,-20.6127,31055.9,16215.7,133.9,0.73,67.9,15.4,46.0,0.72,52.9,73.8,-66.5759,-20.2866
A-076,2026-08-16T18:00:00+00:00,-66.5759,-20.2866,-66.4978,-19.9498,31055.9,16215.7,133.9,1.72,239.7,33.8,245.8,1.47,224.7,29.8,-66.6627,-20.6607
A-076,2026-08-17T00:00:00+00:00,-66.6627,-20.6607,-66.7068,-20.5502,31055.9,16215.7,133.9,0.69,315.2,28.8,293.3,0.52,300.2,78.1,-66.6136,-20.7836
A-076,2026-08-17T06:00:00+00:00,-66.6136,-20.7836,-66.6028,-20.958,31055.9,16215.7,133.9,0.78,98.9,26.1,62.8,0.6,83.9,64.9,-66.6257,-20.5897
A-076,2026-08-17T12:00:00+00:00,-66.6257,-20.5897,-66.6514,-20.386,31055.9,16215.7,133.9,0.94,287.7,32.8,281.4,0.51,272.7,28.4,-66.5971,-20.8161
A-076,2026-08-17T18:00:00+00:00,-66.5971,-20.8161,-66.6689,-20.8763,31055.9,16215.7,133.9,0.84,18.4,20.7,31.4,0.69,3.4,45.8,-66.5174,-20.7491
A-076,2026-08-18T00:00:00+00:00,-66.5174,-20.7491,-66.4304,-20.6012,31055.9,16215.7,133.9,1.17,214.1,35.2,198.4,0.84,199.1,45.3,-66.614,-20.9135
A-076,2026-08-18T06:00:00+00:00,-66.614,-20.9135,-66.7205,-21.0052,31055.9,16215.7,133.9,1.25,18.9,22.9,345.5,1.27,3.9,73.9,-66.4957,-20.8116
A-076,2026-08-18T12:00:00+00:00,-66.4957,-20.8116,-66.5289,-20.8209,31055.9,16215.7,133.9,0.37,6.4,14.0,13.9,0.22,351.4,45.8,-66.4589,-20.8013
A-076,2026-08-18T18:00:00+00:00,-66.4589,-20.8013,-66.549,-20.6282,31055.9,16215.7,133.9,1.26,322.5,18.6,304.3,1.35,307.5,78.0,-66.3587,-20.9936
A-076,2026-08-19T00:00:00+00:00,-66.3587,-20.9936,-66.2725,-20.7459,31055.9,16215.7,133.9,1.46,229.0,24.7,201.7,1.55,214.0,82.6,-66.4544,-21.2687
A-076,2026-08-19T06:00:00+00:00,-66.4544,-21.2687,-66.5375,-21.1292,31055.9,16215.7,133.9,1.11,326.1,22.8,285.8,1.08,311.1,69.5,-66.3621,-21.4238
A-076,2026-08-19T12:00:00+00:00,-66.3621,-21.4238,-66.3621,-21.6339,31055.9,16215.7,133.9,0.94,90.0,24.0,93.0,0.76,75.0,48.8,-66.3621,-21.1903
A-076,2026-08-19T18:00:00+00:00,-66.3621,-21.1903,-66.3509,-21.5031,31055.9,16215.7,133.9,1.4,95.1,15.9,52.3,1.57,80.1,83.8,-66.3746,-20.8428
A-076,2026-08-20T00:00:00+00:00,-66.3746,-20.8428,-66.3919,-21.06,31055.9,16215.7,133.9,0.98,78.7,37.5,51.0,0.43,63.7,21.1,-66.3553,-20.6016
A-076,2026-08-20T06:00:00+00:00,-66.3553,-20.6016,-66.3111,-20.5303,31055.9,16215.7,133.9,0.58,212.9,11.2,218.7,0.56,197.9,56.4,-66.4043,-20.6808
A-076,2026-08-20T12:00:00+00:00,-66.4043,-20.6808,-66.4308,-20.5686,31055.9,16215.7,133.9,0.58,300.5,28.1,266.6,0.42,285.5,84.4,-66.3749,-20.8054
A-076,2026-08-20T18:00:00+00:00,-66.3749,-20.8054,-66.4138,-21.1133,31055.9,16215.7,133.9,1.44,72.5,26.9,66.3,1.23,57.5,23.7,-66.3317,-20.4633
A-076,2026-08-21T00:00:00+00:00,-66.3317,-20.4633,-66.4397,-20.2754,31055.9,16215.7,133.9,1.46,325.1,13.5,319.8,1.59,310.1,44.2,-66.2116,-20.672
A-076,2026-08-21T06:00:00+00:00,-66.2116,-20.672,-66.1082,-20.7485,31055.9,16215.7,133.9,1.2,163.4,9.5,140.3,1.37,148.4,66.9,-66.3266,-20.587
A-076,2026-08-21T12:00:00+00:00,-66.3266,-20.587,-66.3531,-20.9603,31055.9,16215.7,133.9,1.69,80.0,33.9,88.1,1.4,65.0,23.6,-66.2971,-20.1722
A-076,2026-08-21T18:00:00+00:00,-66.2971,-20.1722,-66.3533,-20.0554,31055.9,16215.7,133.9,0.81,320.1,19.9,285.5,0.59,305.1,20.4,-66.2346,-20.3019
A-076,2026-08-22T00:00:00+00:00,-66.2346,-20.3019,-66.2429,-20.579,31055.9,16215.7,133.9,1.24,85.8,28.1,82.5,0.98,70.8,27.9,-66.2254,-19.994
A-076,2026-08-22T06:00:00+00:00,-66.2254,-19.994,-66.3193,-20.2094,31055.9,16215.7,133.9,1.42,42.8,24.9,53.5,1.44,27.8,70.4,-66.1212,-19.7548
A-076,2026-08-22T12:00:00+00:00,-66.1212,-19.7548,-66.0803,-19.5784,31055.9,16215.7,133.9,0.91,240.2,13.2,238.0,0.91,225.2,46.0,-66.1666,-19.9508
A-076,2026-08-22T18:00:00+00:00,-66.1666,-19.9508,-66.1614,-19.6695,31055.9,16215.7,133.9,1.26,267.4,25.1,259.2,1.12,252.4,40.4,-66.1723,-20.2634
A-076,2026-08-23T00:00:00+00:00,-66.1723,-20.2634,-66.0977,-20.291,31055.9,16215.7,133.9,0.84,171.5,16.3,171.4,0.71,156.5,24.7,-66.2552,-20.2327
A-076,2026-08-23T06:00:00+00:00,-66.2552,-20.2327,-66.2294,-20.1867,31055.9,16215.7,133.9,0.35,215.6,13.2,225.4,0.29,200.6,83.5,-66.2839,-20.2837
A-076,2026-08-23T12:00:00+00:00,-66.2839,-20.2837,-66.3513,-20.5083,31055.9,16215.7,133.9,1.25,53.3,16.0,27.9,1.27,38.3,41.4,-66.2091,-20.0342
A-076,2026-08-23T18:00:00+00:00,-66.2091,-20.0342,-66.1361,-19.8557,31055.9,16215.7,133.9,1.14,224.6,16.1,205.0,1.14,209.6,44.4,-66.2902,-20.2327
A-076,2026-08-24T00:00:00+00:00,-66.2902,-20.2327,-66.2261,-20.0585,31055.9,16215.7,133.9,1.05,227.5,37.5,212.7,0.83,212.5,72.3,-66.3614,-20.4262
A-076,2026-08-24T06:00:00+00:00,-66.3614,-20.4262,-66.3717,-20.1523,31055.9,16215.7,133.9,1.22,275.3,9.8,289.2,1.34,260.3,31.0,-66.35,-20.7305
A-076,2026-08-24T12:00:00+00:00,-66.35,-20.7305,-66.358,-20.5687,31055.9,16215.7,133.9,0.73,277.0,37.3,240.0,0.3,262.0,52.2,-66.3412,-20.9103
A-076,2026-08-24T18:00:00+00:00,-66.3412,-20.9103,-66.3098,-20.8248,31055.9,16215.7,133.9,0.52,227.6,12.1,238.2,0.41,212.6,33.1,-66.376,-21.0053
A-076,2026-08-25T00:00:00+00:00,-66.376,-21.0053,-66.3979,-20.7002,31055.9,16215.7,133.9,1.38,280.1,15.3,257.9,1.47,265.1,50.1,-66.3517,-21.3443
A-076,2026-08-25T06:00:00+00:00,-66.3517,-21.3443,-66.3086,-21.2926,31055.9,16215.7,133.9,0.53,205.7,25.0,163.4,0.25,190.7,50.8,-66.3996,-21.4018
A-076,2026-08-25T12:00:00+00:00,-66.3996,-21.4018,-66.2985,-21.534,31055.9,16215.7,133.9,1.27,152.4,10.2,153.5,1.45,137.4,71.9,-66.512,-21.2549
A-076,2026-08-25T18:00:00+00:00,-66.512,-21.2549,-66.5364,-21.4848,31055.9,16215.7,133.9,1.05,75.1,37.6,66.7,0.81,60.1,69.7,-66.4849,-20.9994
A-076,2026-08-26T00:00:00+00:00,-66.4849,-20.9994,-66.4125,-21.1577,31055.9,16215.7,133.9,1.07,138.9,21.8,122.1,1.01,123.9,60.4,-66.5654,-20.8235
A-076,2026-08-26T06:00:00+00:00,-66.5654,-20.8235,-66.4889,-20.8418,31055.9,16215.7,133.9,0.85,174.6,27.5,151.3,0.53,159.6,33.5,-66.6503,-20.8032
A-076,2026-08-26T12:00:00+00:00,-66.6503,-20.8032,-66.562,-20.5142,31055.9,16215.7,133.9,1.61,232.4,26.9,205.8,1.48,217.4,33.2,-66.7484,-21.1243
A-076,2026-08-26T18:00:00+00:00,-66.7484,-21.1243,-66.6889,-20.9429,31055.9,16215.7,133.9,1.03,230.3,26.1,226.8,0.74,215.3,22.0,-66.8144,-21.326
A-076,2026-08-27T00:00:00+00:00,-66.8144,-21.326,-66.8073,-21.0598,31055.9,16215.7,133.9,1.17,266.1,23.4,261.0,1.01,251.1,35.2,-66.8223,-21.6216
A-076,2026-08-27T06:00:00+00:00,-66.8223,-21.6216,-66.8641,-21.8316,31055.9,16215.7,133.9,1.03,63.2,12.3,57.1,1.02,48.2,21.5,-66.7759,-21.3883
A-076,2026-08-27T12:00:00+00:00,-66.7759,-21.3883,-66.7996,-21.2444,31055.9,16215.7,133.9,0.68,292.7,18.5,290.7,0.58,277.7,61.6,-66.7496,-21.5482
A-076,2026-08-27T18:00:00+00:00,-66.7496,-21.5482,-66.7493,-21.7042,31055.9,16215.7,133.9,0.68,90.3,32.0,102.3,0.21,75.3,29.1,-66.7499,-21.3749
A-076,2026-08-28T00:00:00+00:00,-66.7499,-21.3749,-66.6691,-21.3577,31055.9,16215.7,133.9,0.9,184.8,37.0,167.1,0.63,169.8,69.6,-66.8397,-21.3941
A-076,2026-08-28T06:00:00+00:00,-66.8397,-21.3941,-66.7959,-21.5935,31055.9,16215.7,133.9,1.0,119.2,22.9,107.2,0.83,104.2,40.1,-66.8884,-21.1726
A-076,2026-08-28T12:00:00+00:00,-66.8884,-21.1726,-66.8102,-21.1391,31055.9,16215.7,133.9,0.88,189.6,36.2,151.1,0.48,174.6,47.7,-66.9752,-21.2098
A-076,2026-08-28T18:00:00+00:00,-66.9752,-21.2098,-66.9944,-21.4594,31055.9,16215.7,133.9,1.1,78.9,37.7,92.5,0.66,63.9,35.9,-66.9539,-20.9325
A-076,2026-08-29T00:00:00+00:00,-66.9539,-20.9325,-66.9443,-21.0748,31055.9,16215.7,133.9,0.63,99.7,17.4,79.4,0.48,84.7,45.1,-66.9645,-20.7745
A-076,2026-08-29T06:00:00+00:00,-66.9645,-20.7745,-66.9086,-20.8089,31055.9,16215.7,133.9,0.64,166.4,16.2,153.6,0.46,151.4,25.1,-67.0266,-20.7362
A-076,2026-08-29T12:00:00+00:00,-67.0266,-20.7362,-66.9574,-20.5726,31055.9,16215.7,133.9,1.05,222.7,34.5,203.6,0.7,207.7,44.7,-67.1035,-20.9181
A-076,2026-08-29T18:00:00+00:00,-67.1035,-20.9181,-67.1716,-21.0224,31055.9,16215.7,133.9,0.88,30.8,17.6,17.8,0.72,15.8,20.5,-67.0278,-20.8022
A-076,2026-08-30T00:00:00+00:00,-67.0278,-20.8022,-67.0812,-20.9798,31055.9,16215.7,133.9,0.97,52.4,19.0,39.6,0.94,37.4,63.8,-66.9685,-20.6048
A-076,2026-08-30T06:00:00+00:00,-66.9685,-20.6048,-66.9699,-20.7328,31055.9,16215.7,133.9,0.56,88.4,20.8,84.5,0.31,73.4,38.8,-66.9669,-20.4626
A-076,2026-08-30T12:00:00+00:00,-66.9669,-20.4626,-67.0817,-20.3367,31055.9,16215.7,133.9,1.39,336.8,23.7,306.0,1.38,321.8,59.8,-66.8393,-20.6025
A-076,2026-08-30T18:00:00+00:00,-66.8393,-20.6025,-66.8206,-20.8408,31055.9,16215.7,133.9,1.06,101.3,18.5,101.4,1.12,86.3,83.2,-66.8601,-20.3377
